incident_id,incident_type,machine_id,start_time,duration_min,severity,provenance,seed_incident_id,generation_seed
DT-INCIDENT-0001,machine_down,M-03,2026-07-13T00:00:00+00:00,30,P1,synthetic_digital_twin_from_p0_sample,INC-P0-M03-DOWN,20260713
DT-INCIDENT-0002,machine_down,M-06,2026-07-13T00:37:00+00:00,45,P2,synthetic_digital_twin_from_p0_sample,INC-P0-SYNTHETIC-EXT-02,20260713
DT-INCIDENT-0003,machine_down,M-03,2026-07-13T01:14:00+00:00,60,P3,synthetic_digital_twin_from_p0_sample,INC-P0-M03-DOWN,20260713
DT-INCIDENT-0004,machine_down,M-06,2026-07-13T01:51:00+00:00,75,P4,synthetic_digital_twin_from_p0_sample,INC-P0-SYNTHETIC-EXT-02,20260713
DT-INCIDENT-0005,machine_down,M-03,2026-07-13T02:28:00+00:00,90,P1,synthetic_digital_twin_from_p0_sample,INC-P0-M03-DOWN,20260713
DT-INCIDENT-0006,machine_down,M-06,2026-07-13T03:05:00+00:00,105,P2,synthetic_digital_twin_from_p0_sample,INC-P0-SYNTHETIC-EXT-02,20260713
DT-INCIDENT-0007,machine_down,M-03,2026-07-13T03:42:00+00:00,120,P3,synthetic_digital_twin_from_p0_sample,INC-P0-M03-DOWN,20260713
DT-INCIDENT-0008,machine_down,M-06,2026-07-13T04:19:00+00:00,135,P4,synthetic_digital_twin_from_p0_sample,INC-P0-SYNTHETIC-EXT-02,20260713
DT-INCIDENT-0009,machine_down,M-03,2026-07-13T04:56:00+00:00,150,P1,synthetic_digital_twin_from_p0_sample,INC-P0-M03-DOWN,20260713
DT-INCIDENT-0010,machine_down,M-06,2026-07-13T05:33:00+00:00,165,P2,synthetic_digital_twin_from_p0_sample,INC-P0-SYNTHETIC-EXT-02,20260713
DT-INCIDENT-0011,machine_down,M-03,2026-07-13T06:10:00+00:00,180,P3,synthetic_digital_twin_from_p0_sample,INC-P0-M03-DOWN,20260713
DT-INCIDENT-0012,machine_down,M-06,2026-07-13T06:47:00+00:00,195,P4,synthetic_digital_twin_from_p0_sample,INC-P0-SYNTHETIC-EXT-02,20260713
DT-INCIDENT-0013,machine_down,M-03,2026-07-13T07:24:00+00:00,30,P1,synthetic_digital_twin_from_p0_sample,INC-P0-M03-DOWN,20260713
DT-INCIDENT-0014,machine_down,M-06,2026-07-13T08:01:00+00:00,45,P2,synthetic_digital_twin_from_p0_sample,INC-P0-SYNTHETIC-EXT-02,20260713
DT-INCIDENT-0015,machine_down,M-03,2026-07-13T08:38:00+00:00,60,P3,synthetic_digital_twin_from_p0_sample,INC-P0-M03-DOWN,20260713
DT-INCIDENT-0016,machine_down,M-06,2026-07-13T09:15:00+00:00,75,P4,synthetic_digital_twin_from_p0_sample,INC-P0-SYNTHETIC-EXT-02,20260713
DT-INCIDENT-0017,machine_down,M-03,2026-07-13T09:52:00+00:00,90,P1,synthetic_digital_twin_from_p0_sample,INC-P0-M03-DOWN,20260713
DT-INCIDENT-0018,machine_down,M-06,2026-07-13T10:29:00+00:00,105,P2,synthetic_digital_twin_from_p0_sample,INC-P0-SYNTHETIC-EXT-02,20260713
DT-INCIDENT-0019,machine_down,M-03,2026-07-13T11:06:00+00:00,120,P3,synthetic_digital_twin_from_p0_sample,INC-P0-M03-DOWN,20260713
DT-INCIDENT-0020,machine_down,M-06,2026-07-13T11:43:00+00:00,135,P4,synthetic_digital_twin_from_p0_sample,INC-P0-SYNTHETIC-EXT-02,20260713
DT-INCIDENT-0021,machine_down,M-03,2026-07-13T12:20:00+00:00,150,P1,synthetic_digital_twin_from_p0_sample,INC-P0-M03-DOWN,20260713
DT-INCIDENT-0022,machine_down,M-06,2026-07-13T12:57:00+00:00,165,P2,synthetic_digital_twin_from_p0_sample,INC-P0-SYNTHETIC-EXT-02,20260713
DT-INCIDENT-0023,machine_down,M-03,2026-07-13T13:34:00+00:00,180,P3,synthetic_digital_twin_from_p0_sample,INC-P0-M03-DOWN,20260713
DT-INCIDENT-0024,machine_down,M-06,2026-07-13T14:11:00+00:00,195,P4,synthetic_digital_twin_from_p0_sample,INC-P0-SYNTHETIC-EXT-02,20260713
DT-INCIDENT-0025,machine_down,M-03,2026-07-13T14:48:00+00:00,30,P1,synthetic_digital_twin_from_p0_sample,INC-P0-M03-DOWN,20260713
DT-INCIDENT-0026,machine_down,M-06,2026-07-13T15:25:00+00:00,45,P2,synthetic_digital_twin_from_p0_sample,INC-P0-SYNTHETIC-EXT-02,20260713
DT-INCIDENT-0027,machine_down,M-03,2026-07-13T16:02:00+00:00,60,P3,synthetic_digital_twin_from_p0_sample,INC-P0-M03-DOWN,20260713
DT-INCIDENT-0028,machine_down,M-06,2026-07-13T16:39:00+00:00,75,P4,synthetic_digital_twin_from_p0_sample,INC-P0-SYNTHETIC-EXT-02,20260713
DT-INCIDENT-0029,machine_down,M-03,2026-07-13T17:16:00+00:00,90,P1,synthetic_digital_twin_from_p0_sample,INC-P0-M03-DOWN,20260713
DT-INCIDENT-0030,machine_down,M-06,2026-07-13T17:53:00+00:00,105,P2,synthetic_digital_twin_from_p0_sample,INC-P0-SYNTHETIC-EXT-02,20260713
DT-INCIDENT-0031,machine_down,M-03,2026-07-13T18:30:00+00:00,120,P3,synthetic_digital_twin_from_p0_sample,INC-P0-M03-DOWN,20260713
DT-INCIDENT-0032,machine_down,M-06,2026-07-13T19:07:00+00:00,135,P4,synthetic_digital_twin_from_p0_sample,INC-P0-SYNTHETIC-EXT-02,20260713
DT-INCIDENT-0033,machine_down,M-03,2026-07-13T19:44:00+00:00,150,P1,synthetic_digital_twin_from_p0_sample,INC-P0-M03-DOWN,20260713
DT-INCIDENT-0034,machine_down,M-06,2026-07-13T20:21:00+00:00,165,P2,synthetic_digital_twin_from_p0_sample,INC-P0-SYNTHETIC-EXT-02,20260713
DT-INCIDENT-0035,machine_down,M-03,2026-07-13T20:58:00+00:00,180,P3,synthetic_digital_twin_from_p0_sample,INC-P0-M03-DOWN,20260713
DT-INCIDENT-0036,machine_down,M-06,2026-07-13T21:35:00+00:00,195,P4,synthetic_digital_twin_from_p0_sample,INC-P0-SYNTHETIC-EXT-02,20260713
DT-INCIDENT-0037,machine_down,M-03,2026-07-13T22:12:00+00:00,30,P1,synthetic_digital_twin_from_p0_sample,INC-P0-M03-DOWN,20260713
DT-INCIDENT-0038,machine_down,M-06,2026-07-13T22:49:00+00:00,45,P2,synthetic_digital_twin_from_p0_sample,INC-P0-SYNTHETIC-EXT-02,20260713
DT-INCIDENT-0039,machine_down,M-03,2026-07-13T23:26:00+00:00,60,P3,synthetic_digital_twin_from_p0_sample,INC-P0-M03-DOWN,20260713
DT-INCIDENT-0040,machine_down,M-06,2026-07-14T00:03:00+00:00,75,P4,synthetic_digital_twin_from_p0_sample,INC-P0-SYNTHETIC-EXT-02,20260713
DT-INCIDENT-0041,machine_down,M-03,2026-07-14T00:40:00+00:00,90,P1,synthetic_digital_twin_from_p0_sample,INC-P0-M03-DOWN,20260713
DT-INCIDENT-0042,machine_down,M-06,2026-07-14T01:17:00+00:00,105,P2,synthetic_digital_twin_from_p0_sample,INC-P0-SYNTHETIC-EXT-02,20260713
DT-INCIDENT-0043,machine_down,M-03,2026-07-14T01:54:00+00:00,120,P3,synthetic_digital_twin_from_p0_sample,INC-P0-M03-DOWN,20260713
DT-INCIDENT-0044,machine_down,M-06,2026-07-14T02:31:00+00:00,135,P4,synthetic_digital_twin_from_p0_sample,INC-P0-SYNTHETIC-EXT-02,20260713
DT-INCIDENT-0045,machine_down,M-03,2026-07-14T03:08:00+00:00,150,P1,synthetic_digital_twin_from_p0_sample,INC-P0-M03-DOWN,20260713
DT-INCIDENT-0046,machine_down,M-06,2026-07-14T03:45:00+00:00,165,P2,synthetic_digital_twin_from_p0_sample,INC-P0-SYNTHETIC-EXT-02,20260713
DT-INCIDENT-0047,machine_down,M-03,2026-07-14T04:22:00+00:00,180,P3,synthetic_digital_twin_from_p0_sample,INC-P0-M03-DOWN,20260713
DT-INCIDENT-0048,machine_down,M-06,2026-07-14T04:59:00+00:00,195,P4,synthetic_digital_twin_from_p0_sample,INC-P0-SYNTHETIC-EXT-02,20260713
DT-INCIDENT-0049,machine_down,M-03,2026-07-14T05:36:00+00:00,30,P1,synthetic_digital_twin_from_p0_sample,INC-P0-M03-DOWN,20260713
DT-INCIDENT-0050,machine_down,M-06,2026-07-14T06:13:00+00:00,45,P2,synthetic_digital_twin_from_p0_sample,INC-P0-SYNTHETIC-EXT-02,20260713
DT-INCIDENT-0051,machine_down,M-03,2026-07-14T06:50:00+00:00,60,P3,synthetic_digital_twin_from_p0_sample,INC-P0-M03-DOWN,20260713
DT-INCIDENT-0052,machine_down,M-06,2026-07-14T07:27:00+00:00,75,P4,synthetic_digital_twin_from_p0_sample,INC-P0-SYNTHETIC-EXT-02,20260713
DT-INCIDENT-0053,machine_down,M-03,2026-07-14T08:04:00+00:00,90,P1,synthetic_digital_twin_from_p0_sample,INC-P0-M03-DOWN,20260713
DT-INCIDENT-0054,machine_down,M-06,2026-07-14T08:41:00+00:00,105,P2,synthetic_digital_twin_from_p0_sample,INC-P0-SYNTHETIC-EXT-02,20260713
DT-INCIDENT-0055,machine_down,M-03,2026-07-14T09:18:00+00:00,120,P3,synthetic_digital_twin_from_p0_sample,INC-P0-M03-DOWN,20260713
DT-INCIDENT-0056,machine_down,M-06,2026-07-14T09:55:00+00:00,135,P4,synthetic_digital_twin_from_p0_sample,INC-P0-SYNTHETIC-EXT-02,20260713
DT-INCIDENT-0057,machine_down,M-03,2026-07-14T10:32:00+00:00,150,P1,synthetic_digital_twin_from_p0_sample,INC-P0-M03-DOWN,20260713
DT-INCIDENT-0058,machine_down,M-06,2026-07-14T11:09:00+00:00,165,P2,synthetic_digital_twin_from_p0_sample,INC-P0-SYNTHETIC-EXT-02,20260713
DT-INCIDENT-0059,machine_down,M-03,2026-07-14T11:46:00+00:00,180,P3,synthetic_digital_twin_from_p0_sample,INC-P0-M03-DOWN,20260713
DT-INCIDENT-0060,machine_down,M-06,2026-07-14T12:23:00+00:00,195,P4,synthetic_digital_twin_from_p0_sample,INC-P0-SYNTHETIC-EXT-02,20260713
DT-INCIDENT-0061,machine_down,M-03,2026-07-14T13:00:00+00:00,30,P1,synthetic_digital_twin_from_p0_sample,INC-P0-M03-DOWN,20260713
DT-INCIDENT-0062,machine_down,M-06,2026-07-14T13:37:00+00:00,45,P2,synthetic_digital_twin_from_p0_sample,INC-P0-SYNTHETIC-EXT-02,20260713
DT-INCIDENT-0063,machine_down,M-03,2026-07-14T14:14:00+00:00,60,P3,synthetic_digital_twin_from_p0_sample,INC-P0-M03-DOWN,20260713
DT-INCIDENT-0064,machine_down,M-06,2026-07-14T14:51:00+00:00,75,P4,synthetic_digital_twin_from_p0_sample,INC-P0-SYNTHETIC-EXT-02,20260713
DT-INCIDENT-0065,machine_down,M-03,2026-07-14T15:28:00+00:00,90,P1,synthetic_digital_twin_from_p0_sample,INC-P0-M03-DOWN,20260713
DT-INCIDENT-0066,machine_down,M-06,2026-07-14T16:05:00+00:00,105,P2,synthetic_digital_twin_from_p0_sample,INC-P0-SYNTHETIC-EXT-02,20260713
DT-INCIDENT-0067,machine_down,M-03,2026-07-14T16:42:00+00:00,120,P3,synthetic_digital_twin_from_p0_sample,INC-P0-M03-DOWN,20260713
DT-INCIDENT-0068,machine_down,M-06,2026-07-14T17:19:00+00:00,135,P4,synthetic_digital_twin_from_p0_sample,INC-P0-SYNTHETIC-EXT-02,20260713
DT-INCIDENT-0069,machine_down,M-03,2026-07-14T17:56:00+00:00,150,P1,synthetic_digital_twin_from_p0_sample,INC-P0-M03-DOWN,20260713
DT-INCIDENT-0070,machine_down,M-06,2026-07-14T18:33:00+00:00,165,P2,synthetic_digital_twin_from_p0_sample,INC-P0-SYNTHETIC-EXT-02,20260713
DT-INCIDENT-0071,machine_down,M-03,2026-07-14T19:10:00+00:00,180,P3,synthetic_digital_twin_from_p0_sample,INC-P0-M03-DOWN,20260713
DT-INCIDENT-0072,machine_down,M-06,2026-07-14T19:47:00+00:00,195,P4,synthetic_digital_twin_from_p0_sample,INC-P0-SYNTHETIC-EXT-02,20260713
DT-INCIDENT-0073,machine_down,M-03,2026-07-14T20:24:00+00:00,30,P1,synthetic_digital_twin_from_p0_sample,INC-P0-M03-DOWN,20260713
DT-INCIDENT-0074,machine_down,M-06,2026-07-14T21:01:00+00:00,45,P2,synthetic_digital_twin_from_p0_sample,INC-P0-SYNTHETIC-EXT-02,20260713
DT-INCIDENT-0075,machine_down,M-03,2026-07-14T21:38:00+00:00,60,P3,synthetic_digital_twin_from_p0_sample,INC-P0-M03-DOWN,20260713
DT-INCIDENT-0076,machine_down,M-06,2026-07-14T22:15:00+00:00,75,P4,synthetic_digital_twin_from_p0_sample,INC-P0-SYNTHETIC-EXT-02,20260713
DT-INCIDENT-0077,machine_down,M-03,2026-07-14T22:52:00+00:00,90,P1,synthetic_digital_twin_from_p0_sample,INC-P0-M03-DOWN,20260713
DT-INCIDENT-0078,machine_down,M-06,2026-07-14T23:29:00+00:00,105,P2,synthetic_digital_twin_from_p0_sample,INC-P0-SYNTHETIC-EXT-02,20260713
DT-INCIDENT-0079,machine_down,M-03,2026-07-15T00:06:00+00:00,120,P3,synthetic_digital_twin_from_p0_sample,INC-P0-M03-DOWN,20260713
DT-INCIDENT-0080,machine_down,M-06,2026-07-15T00:43:00+00:00,135,P4,synthetic_digital_twin_from_p0_sample,INC-P0-SYNTHETIC-EXT-02,20260713
DT-INCIDENT-0081,machine_down,M-03,2026-07-15T01:20:00+00:00,150,P1,synthetic_digital_twin_from_p0_sample,INC-P0-M03-DOWN,20260713
DT-INCIDENT-0082,machine_down,M-06,2026-07-15T01:57:00+00:00,165,P2,synthetic_digital_twin_from_p0_sample,INC-P0-SYNTHETIC-EXT-02,20260713
DT-INCIDENT-0083,machine_down,M-03,2026-07-15T02:34:00+00:00,180,P3,synthetic_digital_twin_from_p0_sample,INC-P0-M03-DOWN,20260713
DT-INCIDENT-0084,machine_down,M-06,2026-07-15T03:11:00+00:00,195,P4,synthetic_digital_twin_from_p0_sample,INC-P0-SYNTHETIC-EXT-02,20260713
DT-INCIDENT-0085,machine_down,M-03,2026-07-15T03:48:00+00:00,30,P1,synthetic_digital_twin_from_p0_sample,INC-P0-M03-DOWN,20260713
DT-INCIDENT-0086,machine_down,M-06,2026-07-15T04:25:00+00:00,45,P2,synthetic_digital_twin_from_p0_sample,INC-P0-SYNTHETIC-EXT-02,20260713
DT-INCIDENT-0087,machine_down,M-03,2026-07-15T05:02:00+00:00,60,P3,synthetic_digital_twin_from_p0_sample,INC-P0-M03-DOWN,20260713
DT-INCIDENT-0088,machine_down,M-06,2026-07-15T05:39:00+00:00,75,P4,synthetic_digital_twin_from_p0_sample,INC-P0-SYNTHETIC-EXT-02,20260713
DT-INCIDENT-0089,machine_down,M-03,2026-07-15T06:16:00+00:00,90,P1,synthetic_digital_twin_from_p0_sample,INC-P0-M03-DOWN,20260713
DT-INCIDENT-0090,machine_down,M-06,2026-07-15T06:53:00+00:00,105,P2,synthetic_digital_twin_from_p0_sample,INC-P0-SYNTHETIC-EXT-02,20260713
DT-INCIDENT-0091,machine_down,M-03,2026-07-15T07:30:00+00:00,120,P3,synthetic_digital_twin_from_p0_sample,INC-P0-M03-DOWN,20260713
DT-INCIDENT-0092,machine_down,M-06,2026-07-15T08:07:00+00:00,135,P4,synthetic_digital_twin_from_p0_sample,INC-P0-SYNTHETIC-EXT-02,20260713
DT-INCIDENT-0093,machine_down,M-03,2026-07-15T08:44:00+00:00,150,P1,synthetic_digital_twin_from_p0_sample,INC-P0-M03-DOWN,20260713
DT-INCIDENT-0094,machine_down,M-06,2026-07-15T09:21:00+00:00,165,P2,synthetic_digital_twin_from_p0_sample,INC-P0-SYNTHETIC-EXT-02,20260713
DT-INCIDENT-0095,machine_down,M-03,2026-07-15T09:58:00+00:00,180,P3,synthetic_digital_twin_from_p0_sample,INC-P0-M03-DOWN,20260713
DT-INCIDENT-0096,machine_down,M-06,2026-07-15T10:35:00+00:00,195,P4,synthetic_digital_twin_from_p0_sample,INC-P0-SYNTHETIC-EXT-02,20260713
DT-INCIDENT-0097,machine_down,M-03,2026-07-15T11:12:00+00:00,30,P1,synthetic_digital_twin_from_p0_sample,INC-P0-M03-DOWN,20260713
DT-INCIDENT-0098,machine_down,M-06,2026-07-15T11:49:00+00:00,45,P2,synthetic_digital_twin_from_p0_sample,INC-P0-SYNTHETIC-EXT-02,20260713
DT-INCIDENT-0099,machine_down,M-03,2026-07-15T12:26:00+00:00,60,P3,synthetic_digital_twin_from_p0_sample,INC-P0-M03-DOWN,20260713
DT-INCIDENT-0100,machine_down,M-06,2026-07-15T13:03:00+00:00,75,P4,synthetic_digital_twin_from_p0_sample,INC-P0-SYNTHETIC-EXT-02,20260713
DT-INCIDENT-0101,machine_down,M-03,2026-07-15T13:40:00+00:00,90,P1,synthetic_digital_twin_from_p0_sample,INC-P0-M03-DOWN,20260713
DT-INCIDENT-0102,machine_down,M-06,2026-07-15T14:17:00+00:00,105,P2,synthetic_digital_twin_from_p0_sample,INC-P0-SYNTHETIC-EXT-02,20260713
DT-INCIDENT-0103,machine_down,M-03,2026-07-15T14:54:00+00:00,120,P3,synthetic_digital_twin_from_p0_sample,INC-P0-M03-DOWN,20260713
DT-INCIDENT-0104,machine_down,M-06,2026-07-15T15:31:00+00:00,135,P4,synthetic_digital_twin_from_p0_sample,INC-P0-SYNTHETIC-EXT-02,20260713
DT-INCIDENT-0105,machine_down,M-03,2026-07-15T16:08:00+00:00,150,P1,synthetic_digital_twin_from_p0_sample,INC-P0-M03-DOWN,20260713
DT-INCIDENT-0106,machine_down,M-06,2026-07-15T16:45:00+00:00,165,P2,synthetic_digital_twin_from_p0_sample,INC-P0-SYNTHETIC-EXT-02,20260713
DT-INCIDENT-0107,machine_down,M-03,2026-07-15T17:22:00+00:00,180,P3,synthetic_digital_twin_from_p0_sample,INC-P0-M03-DOWN,20260713
DT-INCIDENT-0108,machine_down,M-06,2026-07-15T17:59:00+00:00,195,P4,synthetic_digital_twin_from_p0_sample,INC-P0-SYNTHETIC-EXT-02,20260713
DT-INCIDENT-0109,machine_down,M-03,2026-07-15T18:36:00+00:00,30,P1,synthetic_digital_twin_from_p0_sample,INC-P0-M03-DOWN,20260713
DT-INCIDENT-0110,machine_down,M-06,2026-07-15T19:13:00+00:00,45,P2,synthetic_digital_twin_from_p0_sample,INC-P0-SYNTHETIC-EXT-02,20260713
DT-INCIDENT-0111,machine_down,M-03,2026-07-15T19:50:00+00:00,60,P3,synthetic_digital_twin_from_p0_sample,INC-P0-M03-DOWN,20260713
DT-INCIDENT-0112,machine_down,M-06,2026-07-15T20:27:00+00:00,75,P4,synthetic_digital_twin_from_p0_sample,INC-P0-SYNTHETIC-EXT-02,20260713
DT-INCIDENT-0113,machine_down,M-03,2026-07-15T21:04:00+00:00,90,P1,synthetic_digital_twin_from_p0_sample,INC-P0-M03-DOWN,20260713
DT-INCIDENT-0114,machine_down,M-06,2026-07-15T21:41:00+00:00,105,P2,synthetic_digital_twin_from_p0_sample,INC-P0-SYNTHETIC-EXT-02,20260713
DT-INCIDENT-0115,machine_down,M-03,2026-07-15T22:18:00+00:00,120,P3,synthetic_digital_twin_from_p0_sample,INC-P0-M03-DOWN,20260713
DT-INCIDENT-0116,machine_down,M-06,2026-07-15T22:55:00+00:00,135,P4,synthetic_digital_twin_from_p0_sample,INC-P0-SYNTHETIC-EXT-02,20260713
DT-INCIDENT-0117,machine_down,M-03,2026-07-15T23:32:00+00:00,150,P1,synthetic_digital_twin_from_p0_sample,INC-P0-M03-DOWN,20260713
DT-INCIDENT-0118,machine_down,M-06,2026-07-16T00:09:00+00:00,165,P2,synthetic_digital_twin_from_p0_sample,INC-P0-SYNTHETIC-EXT-02,20260713
DT-INCIDENT-0119,machine_down,M-03,2026-07-16T00:46:00+00:00,180,P3,synthetic_digital_twin_from_p0_sample,INC-P0-M03-DOWN,20260713
DT-INCIDENT-0120,machine_down,M-06,2026-07-16T01:23:00+00:00,195,P4,synthetic_digital_twin_from_p0_sample,INC-P0-SYNTHETIC-EXT-02,20260713
DT-INCIDENT-0121,machine_down,M-03,2026-07-16T02:00:00+00:00,30,P1,synthetic_digital_twin_from_p0_sample,INC-P0-M03-DOWN,20260713
DT-INCIDENT-0122,machine_down,M-06,2026-07-16T02:37:00+00:00,45,P2,synthetic_digital_twin_from_p0_sample,INC-P0-SYNTHETIC-EXT-02,20260713
DT-INCIDENT-0123,machine_down,M-03,2026-07-16T03:14:00+00:00,60,P3,synthetic_digital_twin_from_p0_sample,INC-P0-M03-DOWN,20260713
DT-INCIDENT-0124,machine_down,M-06,2026-07-16T03:51:00+00:00,75,P4,synthetic_digital_twin_from_p0_sample,INC-P0-SYNTHETIC-EXT-02,20260713
DT-INCIDENT-0125,machine_down,M-03,2026-07-16T04:28:00+00:00,90,P1,synthetic_digital_twin_from_p0_sample,INC-P0-M03-DOWN,20260713
DT-INCIDENT-0126,machine_down,M-06,2026-07-16T05:05:00+00:00,105,P2,synthetic_digital_twin_from_p0_sample,INC-P0-SYNTHETIC-EXT-02,20260713
DT-INCIDENT-0127,machine_down,M-03,2026-07-16T05:42:00+00:00,120,P3,synthetic_digital_twin_from_p0_sample,INC-P0-M03-DOWN,20260713
DT-INCIDENT-0128,machine_down,M-06,2026-07-16T06:19:00+00:00,135,P4,synthetic_digital_twin_from_p0_sample,INC-P0-SYNTHETIC-EXT-02,20260713
DT-INCIDENT-0129,machine_down,M-03,2026-07-16T06:56:00+00:00,150,P1,synthetic_digital_twin_from_p0_sample,INC-P0-M03-DOWN,20260713
DT-INCIDENT-0130,machine_down,M-06,2026-07-16T07:33:00+00:00,165,P2,synthetic_digital_twin_from_p0_sample,INC-P0-SYNTHETIC-EXT-02,20260713
DT-INCIDENT-0131,machine_down,M-03,2026-07-16T08:10:00+00:00,180,P3,synthetic_digital_twin_from_p0_sample,INC-P0-M03-DOWN,20260713
DT-INCIDENT-0132,machine_down,M-06,2026-07-16T08:47:00+00:00,195,P4,synthetic_digital_twin_from_p0_sample,INC-P0-SYNTHETIC-EXT-02,20260713
DT-INCIDENT-0133,machine_down,M-03,2026-07-16T09:24:00+00:00,30,P1,synthetic_digital_twin_from_p0_sample,INC-P0-M03-DOWN,20260713
DT-INCIDENT-0134,machine_down,M-06,2026-07-16T10:01:00+00:00,45,P2,synthetic_digital_twin_from_p0_sample,INC-P0-SYNTHETIC-EXT-02,20260713
DT-INCIDENT-0135,machine_down,M-03,2026-07-16T10:38:00+00:00,60,P3,synthetic_digital_twin_from_p0_sample,INC-P0-M03-DOWN,20260713
DT-INCIDENT-0136,machine_down,M-06,2026-07-16T11:15:00+00:00,75,P4,synthetic_digital_twin_from_p0_sample,INC-P0-SYNTHETIC-EXT-02,20260713
DT-INCIDENT-0137,machine_down,M-03,2026-07-16T11:52:00+00:00,90,P1,synthetic_digital_twin_from_p0_sample,INC-P0-M03-DOWN,20260713
DT-INCIDENT-0138,machine_down,M-06,2026-07-16T12:29:00+00:00,105,P2,synthetic_digital_twin_from_p0_sample,INC-P0-SYNTHETIC-EXT-02,20260713
DT-INCIDENT-0139,machine_down,M-03,2026-07-16T13:06:00+00:00,120,P3,synthetic_digital_twin_from_p0_sample,INC-P0-M03-DOWN,20260713
DT-INCIDENT-0140,machine_down,M-06,2026-07-16T13:43:00+00:00,135,P4,synthetic_digital_twin_from_p0_sample,INC-P0-SYNTHETIC-EXT-02,20260713
DT-INCIDENT-0141,machine_down,M-03,2026-07-16T14:20:00+00:00,150,P1,synthetic_digital_twin_from_p0_sample,INC-P0-M03-DOWN,20260713
DT-INCIDENT-0142,machine_down,M-06,2026-07-16T14:57:00+00:00,165,P2,synthetic_digital_twin_from_p0_sample,INC-P0-SYNTHETIC-EXT-02,20260713
DT-INCIDENT-0143,machine_down,M-03,2026-07-16T15:34:00+00:00,180,P3,synthetic_digital_twin_from_p0_sample,INC-P0-M03-DOWN,20260713
DT-INCIDENT-0144,machine_down,M-06,2026-07-16T16:11:00+00:00,195,P4,synthetic_digital_twin_from_p0_sample,INC-P0-SYNTHETIC-EXT-02,20260713
DT-INCIDENT-0145,machine_down,M-03,2026-07-16T16:48:00+00:00,30,P1,synthetic_digital_twin_from_p0_sample,INC-P0-M03-DOWN,20260713
DT-INCIDENT-0146,machine_down,M-06,2026-07-16T17:25:00+00:00,45,P2,synthetic_digital_twin_from_p0_sample,INC-P0-SYNTHETIC-EXT-02,20260713
DT-INCIDENT-0147,machine_down,M-03,2026-07-16T18:02:00+00:00,60,P3,synthetic_digital_twin_from_p0_sample,INC-P0-M03-DOWN,20260713
DT-INCIDENT-0148,machine_down,M-06,2026-07-16T18:39:00+00:00,75,P4,synthetic_digital_twin_from_p0_sample,INC-P0-SYNTHETIC-EXT-02,20260713
DT-INCIDENT-0149,machine_down,M-03,2026-07-16T19:16:00+00:00,90,P1,synthetic_digital_twin_from_p0_sample,INC-P0-M03-DOWN,20260713
DT-INCIDENT-0150,machine_down,M-06,2026-07-16T19:53:00+00:00,105,P2,synthetic_digital_twin_from_p0_sample,INC-P0-SYNTHETIC-EXT-02,20260713
DT-INCIDENT-0151,machine_down,M-03,2026-07-16T20:30:00+00:00,120,P3,synthetic_digital_twin_from_p0_sample,INC-P0-M03-DOWN,20260713
DT-INCIDENT-0152,machine_down,M-06,2026-07-16T21:07:00+00:00,135,P4,synthetic_digital_twin_from_p0_sample,INC-P0-SYNTHETIC-EXT-02,20260713
DT-INCIDENT-0153,machine_down,M-03,2026-07-16T21:44:00+00:00,150,P1,synthetic_digital_twin_from_p0_sample,INC-P0-M03-DOWN,20260713
DT-INCIDENT-0154,machine_down,M-06,2026-07-16T22:21:00+00:00,165,P2,synthetic_digital_twin_from_p0_sample,INC-P0-SYNTHETIC-EXT-02,20260713
DT-INCIDENT-0155,machine_down,M-03,2026-07-16T22:58:00+00:00,180,P3,synthetic_digital_twin_from_p0_sample,INC-P0-M03-DOWN,20260713
DT-INCIDENT-0156,machine_down,M-06,2026-07-16T23:35:00+00:00,195,P4,synthetic_digital_twin_from_p0_sample,INC-P0-SYNTHETIC-EXT-02,20260713
DT-INCIDENT-0157,machine_down,M-03,2026-07-17T00:12:00+00:00,30,P1,synthetic_digital_twin_from_p0_sample,INC-P0-M03-DOWN,20260713
DT-INCIDENT-0158,machine_down,M-06,2026-07-17T00:49:00+00:00,45,P2,synthetic_digital_twin_from_p0_sample,INC-P0-SYNTHETIC-EXT-02,20260713
DT-INCIDENT-0159,machine_down,M-03,2026-07-17T01:26:00+00:00,60,P3,synthetic_digital_twin_from_p0_sample,INC-P0-M03-DOWN,20260713
DT-INCIDENT-0160,machine_down,M-06,2026-07-17T02:03:00+00:00,75,P4,synthetic_digital_twin_from_p0_sample,INC-P0-SYNTHETIC-EXT-02,20260713
DT-INCIDENT-0161,machine_down,M-03,2026-07-17T02:40:00+00:00,90,P1,synthetic_digital_twin_from_p0_sample,INC-P0-M03-DOWN,20260713
DT-INCIDENT-0162,machine_down,M-06,2026-07-17T03:17:00+00:00,105,P2,synthetic_digital_twin_from_p0_sample,INC-P0-SYNTHETIC-EXT-02,20260713
DT-INCIDENT-0163,machine_down,M-03,2026-07-17T03:54:00+00:00,120,P3,synthetic_digital_twin_from_p0_sample,INC-P0-M03-DOWN,20260713
DT-INCIDENT-0164,machine_down,M-06,2026-07-17T04:31:00+00:00,135,P4,synthetic_digital_twin_from_p0_sample,INC-P0-SYNTHETIC-EXT-02,20260713
DT-INCIDENT-0165,machine_down,M-03,2026-07-17T05:08:00+00:00,150,P1,synthetic_digital_twin_from_p0_sample,INC-P0-M03-DOWN,20260713
DT-INCIDENT-0166,machine_down,M-06,2026-07-17T05:45:00+00:00,165,P2,synthetic_digital_twin_from_p0_sample,INC-P0-SYNTHETIC-EXT-02,20260713
DT-INCIDENT-0167,machine_down,M-03,2026-07-17T06:22:00+00:00,180,P3,synthetic_digital_twin_from_p0_sample,INC-P0-M03-DOWN,20260713
DT-INCIDENT-0168,machine_down,M-06,2026-07-17T06:59:00+00:00,195,P4,synthetic_digital_twin_from_p0_sample,INC-P0-SYNTHETIC-EXT-02,20260713
DT-INCIDENT-0169,machine_down,M-03,2026-07-17T07:36:00+00:00,30,P1,synthetic_digital_twin_from_p0_sample,INC-P0-M03-DOWN,20260713
DT-INCIDENT-0170,machine_down,M-06,2026-07-17T08:13:00+00:00,45,P2,synthetic_digital_twin_from_p0_sample,INC-P0-SYNTHETIC-EXT-02,20260713
DT-INCIDENT-0171,machine_down,M-03,2026-07-17T08:50:00+00:00,60,P3,synthetic_digital_twin_from_p0_sample,INC-P0-M03-DOWN,20260713
DT-INCIDENT-0172,machine_down,M-06,2026-07-17T09:27:00+00:00,75,P4,synthetic_digital_twin_from_p0_sample,INC-P0-SYNTHETIC-EXT-02,20260713
DT-INCIDENT-0173,machine_down,M-03,2026-07-17T10:04:00+00:00,90,P1,synthetic_digital_twin_from_p0_sample,INC-P0-M03-DOWN,20260713
DT-INCIDENT-0174,machine_down,M-06,2026-07-17T10:41:00+00:00,105,P2,synthetic_digital_twin_from_p0_sample,INC-P0-SYNTHETIC-EXT-02,20260713
DT-INCIDENT-0175,machine_down,M-03,2026-07-17T11:18:00+00:00,120,P3,synthetic_digital_twin_from_p0_sample,INC-P0-M03-DOWN,20260713
DT-INCIDENT-0176,machine_down,M-06,2026-07-17T11:55:00+00:00,135,P4,synthetic_digital_twin_from_p0_sample,INC-P0-SYNTHETIC-EXT-02,20260713
DT-INCIDENT-0177,machine_down,M-03,2026-07-17T12:32:00+00:00,150,P1,synthetic_digital_twin_from_p0_sample,INC-P0-M03-DOWN,20260713
DT-INCIDENT-0178,machine_down,M-06,2026-07-17T13:09:00+00:00,165,P2,synthetic_digital_twin_from_p0_sample,INC-P0-SYNTHETIC-EXT-02,20260713
DT-INCIDENT-0179,machine_down,M-03,2026-07-17T13:46:00+00:00,180,P3,synthetic_digital_twin_from_p0_sample,INC-P0-M03-DOWN,20260713
DT-INCIDENT-0180,machine_down,M-06,2026-07-17T14:23:00+00:00,195,P4,synthetic_digital_twin_from_p0_sample,INC-P0-SYNTHETIC-EXT-02,20260713
DT-INCIDENT-0181,machine_down,M-03,2026-07-17T15:00:00+00:00,30,P1,synthetic_digital_twin_from_p0_sample,INC-P0-M03-DOWN,20260713
DT-INCIDENT-0182,machine_down,M-06,2026-07-17T15:37:00+00:00,45,P2,synthetic_digital_twin_from_p0_sample,INC-P0-SYNTHETIC-EXT-02,20260713
DT-INCIDENT-0183,machine_down,M-03,2026-07-17T16:14:00+00:00,60,P3,synthetic_digital_twin_from_p0_sample,INC-P0-M03-DOWN,20260713
DT-INCIDENT-0184,machine_down,M-06,2026-07-17T16:51:00+00:00,75,P4,synthetic_digital_twin_from_p0_sample,INC-P0-SYNTHETIC-EXT-02,20260713
DT-INCIDENT-0185,machine_down,M-03,2026-07-17T17:28:00+00:00,90,P1,synthetic_digital_twin_from_p0_sample,INC-P0-M03-DOWN,20260713
DT-INCIDENT-0186,machine_down,M-06,2026-07-17T18:05:00+00:00,105,P2,synthetic_digital_twin_from_p0_sample,INC-P0-SYNTHETIC-EXT-02,20260713
DT-INCIDENT-0187,machine_down,M-03,2026-07-17T18:42:00+00:00,120,P3,synthetic_digital_twin_from_p0_sample,INC-P0-M03-DOWN,20260713
DT-INCIDENT-0188,machine_down,M-06,2026-07-17T19:19:00+00:00,135,P4,synthetic_digital_twin_from_p0_sample,INC-P0-SYNTHETIC-EXT-02,20260713
DT-INCIDENT-0189,machine_down,M-03,2026-07-17T19:56:00+00:00,150,P1,synthetic_digital_twin_from_p0_sample,INC-P0-M03-DOWN,20260713
DT-INCIDENT-0190,machine_down,M-06,2026-07-17T20:33:00+00:00,165,P2,synthetic_digital_twin_from_p0_sample,INC-P0-SYNTHETIC-EXT-02,20260713
DT-INCIDENT-0191,machine_down,M-03,2026-07-17T21:10:00+00:00,180,P3,synthetic_digital_twin_from_p0_sample,INC-P0-M03-DOWN,20260713
DT-INCIDENT-0192,machine_down,M-06,2026-07-17T21:47:00+00:00,195,P4,synthetic_digital_twin_from_p0_sample,INC-P0-SYNTHETIC-EXT-02,20260713
DT-INCIDENT-0193,machine_down,M-03,2026-07-17T22:24:00+00:00,30,P1,synthetic_digital_twin_from_p0_sample,INC-P0-M03-DOWN,20260713
DT-INCIDENT-0194,machine_down,M-06,2026-07-17T23:01:00+00:00,45,P2,synthetic_digital_twin_from_p0_sample,INC-P0-SYNTHETIC-EXT-02,20260713
DT-INCIDENT-0195,machine_down,M-03,2026-07-17T23:38:00+00:00,60,P3,synthetic_digital_twin_from_p0_sample,INC-P0-M03-DOWN,20260713
DT-INCIDENT-0196,machine_down,M-06,2026-07-18T00:15:00+00:00,75,P4,synthetic_digital_twin_from_p0_sample,INC-P0-SYNTHETIC-EXT-02,20260713
DT-INCIDENT-0197,machine_down,M-03,2026-07-18T00:52:00+00:00,90,P1,synthetic_digital_twin_from_p0_sample,INC-P0-M03-DOWN,20260713
DT-INCIDENT-0198,machine_down,M-06,2026-07-18T01:29:00+00:00,105,P2,synthetic_digital_twin_from_p0_sample,INC-P0-SYNTHETIC-EXT-02,20260713
DT-INCIDENT-0199,machine_down,M-03,2026-07-18T02:06:00+00:00,120,P3,synthetic_digital_twin_from_p0_sample,INC-P0-M03-DOWN,20260713
DT-INCIDENT-0200,machine_down,M-06,2026-07-18T02:43:00+00:00,135,P4,synthetic_digital_twin_from_p0_sample,INC-P0-SYNTHETIC-EXT-02,20260713
DT-INCIDENT-0201,machine_down,M-03,2026-07-18T03:20:00+00:00,150,P1,synthetic_digital_twin_from_p0_sample,INC-P0-M03-DOWN,20260713
DT-INCIDENT-0202,machine_down,M-06,2026-07-18T03:57:00+00:00,165,P2,synthetic_digital_twin_from_p0_sample,INC-P0-SYNTHETIC-EXT-02,20260713
DT-INCIDENT-0203,machine_down,M-03,2026-07-18T04:34:00+00:00,180,P3,synthetic_digital_twin_from_p0_sample,INC-P0-M03-DOWN,20260713
DT-INCIDENT-0204,machine_down,M-06,2026-07-18T05:11:00+00:00,195,P4,synthetic_digital_twin_from_p0_sample,INC-P0-SYNTHETIC-EXT-02,20260713
DT-INCIDENT-0205,machine_down,M-03,2026-07-18T05:48:00+00:00,30,P1,synthetic_digital_twin_from_p0_sample,INC-P0-M03-DOWN,20260713
DT-INCIDENT-0206,machine_down,M-06,2026-07-18T06:25:00+00:00,45,P2,synthetic_digital_twin_from_p0_sample,INC-P0-SYNTHETIC-EXT-02,20260713
DT-INCIDENT-0207,machine_down,M-03,2026-07-18T07:02:00+00:00,60,P3,synthetic_digital_twin_from_p0_sample,INC-P0-M03-DOWN,20260713
DT-INCIDENT-0208,machine_down,M-06,2026-07-18T07:39:00+00:00,75,P4,synthetic_digital_twin_from_p0_sample,INC-P0-SYNTHETIC-EXT-02,20260713
DT-INCIDENT-0209,machine_down,M-03,2026-07-18T08:16:00+00:00,90,P1,synthetic_digital_twin_from_p0_sample,INC-P0-M03-DOWN,20260713
DT-INCIDENT-0210,machine_down,M-06,2026-07-18T08:53:00+00:00,105,P2,synthetic_digital_twin_from_p0_sample,INC-P0-SYNTHETIC-EXT-02,20260713
DT-INCIDENT-0211,machine_down,M-03,2026-07-18T09:30:00+00:00,120,P3,synthetic_digital_twin_from_p0_sample,INC-P0-M03-DOWN,20260713
DT-INCIDENT-0212,machine_down,M-06,2026-07-18T10:07:00+00:00,135,P4,synthetic_digital_twin_from_p0_sample,INC-P0-SYNTHETIC-EXT-02,20260713
DT-INCIDENT-0213,machine_down,M-03,2026-07-18T10:44:00+00:00,150,P1,synthetic_digital_twin_from_p0_sample,INC-P0-M03-DOWN,20260713
DT-INCIDENT-0214,machine_down,M-06,2026-07-18T11:21:00+00:00,165,P2,synthetic_digital_twin_from_p0_sample,INC-P0-SYNTHETIC-EXT-02,20260713
DT-INCIDENT-0215,machine_down,M-03,2026-07-18T11:58:00+00:00,180,P3,synthetic_digital_twin_from_p0_sample,INC-P0-M03-DOWN,20260713
DT-INCIDENT-0216,machine_down,M-06,2026-07-18T12:35:00+00:00,195,P4,synthetic_digital_twin_from_p0_sample,INC-P0-SYNTHETIC-EXT-02,20260713
DT-INCIDENT-0217,machine_down,M-03,2026-07-18T13:12:00+00:00,30,P1,synthetic_digital_twin_from_p0_sample,INC-P0-M03-DOWN,20260713
DT-INCIDENT-0218,machine_down,M-06,2026-07-18T13:49:00+00:00,45,P2,synthetic_digital_twin_from_p0_sample,INC-P0-SYNTHETIC-EXT-02,20260713
DT-INCIDENT-0219,machine_down,M-03,2026-07-18T14:26:00+00:00,60,P3,synthetic_digital_twin_from_p0_sample,INC-P0-M03-DOWN,20260713
DT-INCIDENT-0220,machine_down,M-06,2026-07-18T15:03:00+00:00,75,P4,synthetic_digital_twin_from_p0_sample,INC-P0-SYNTHETIC-EXT-02,20260713
DT-INCIDENT-0221,machine_down,M-03,2026-07-18T15:40:00+00:00,90,P1,synthetic_digital_twin_from_p0_sample,INC-P0-M03-DOWN,20260713
DT-INCIDENT-0222,machine_down,M-06,2026-07-18T16:17:00+00:00,105,P2,synthetic_digital_twin_from_p0_sample,INC-P0-SYNTHETIC-EXT-02,20260713
DT-INCIDENT-0223,machine_down,M-03,2026-07-18T16:54:00+00:00,120,P3,synthetic_digital_twin_from_p0_sample,INC-P0-M03-DOWN,20260713
DT-INCIDENT-0224,machine_down,M-06,2026-07-18T17:31:00+00:00,135,P4,synthetic_digital_twin_from_p0_sample,INC-P0-SYNTHETIC-EXT-02,20260713
DT-INCIDENT-0225,machine_down,M-03,2026-07-18T18:08:00+00:00,150,P1,synthetic_digital_twin_from_p0_sample,INC-P0-M03-DOWN,20260713
DT-INCIDENT-0226,machine_down,M-06,2026-07-18T18:45:00+00:00,165,P2,synthetic_digital_twin_from_p0_sample,INC-P0-SYNTHETIC-EXT-02,20260713
DT-INCIDENT-0227,machine_down,M-03,2026-07-18T19:22:00+00:00,180,P3,synthetic_digital_twin_from_p0_sample,INC-P0-M03-DOWN,20260713
DT-INCIDENT-0228,machine_down,M-06,2026-07-18T19:59:00+00:00,195,P4,synthetic_digital_twin_from_p0_sample,INC-P0-SYNTHETIC-EXT-02,20260713
DT-INCIDENT-0229,machine_down,M-03,2026-07-18T20:36:00+00:00,30,P1,synthetic_digital_twin_from_p0_sample,INC-P0-M03-DOWN,20260713
DT-INCIDENT-0230,machine_down,M-06,2026-07-18T21:13:00+00:00,45,P2,synthetic_digital_twin_from_p0_sample,INC-P0-SYNTHETIC-EXT-02,20260713
DT-INCIDENT-0231,machine_down,M-03,2026-07-18T21:50:00+00:00,60,P3,synthetic_digital_twin_from_p0_sample,INC-P0-M03-DOWN,20260713
DT-INCIDENT-0232,machine_down,M-06,2026-07-18T22:27:00+00:00,75,P4,synthetic_digital_twin_from_p0_sample,INC-P0-SYNTHETIC-EXT-02,20260713
DT-INCIDENT-0233,machine_down,M-03,2026-07-18T23:04:00+00:00,90,P1,synthetic_digital_twin_from_p0_sample,INC-P0-M03-DOWN,20260713
DT-INCIDENT-0234,machine_down,M-06,2026-07-18T23:41:00+00:00,105,P2,synthetic_digital_twin_from_p0_sample,INC-P0-SYNTHETIC-EXT-02,20260713
DT-INCIDENT-0235,machine_down,M-03,2026-07-19T00:18:00+00:00,120,P3,synthetic_digital_twin_from_p0_sample,INC-P0-M03-DOWN,20260713
DT-INCIDENT-0236,machine_down,M-06,2026-07-19T00:55:00+00:00,135,P4,synthetic_digital_twin_from_p0_sample,INC-P0-SYNTHETIC-EXT-02,20260713
DT-INCIDENT-0237,machine_down,M-03,2026-07-19T01:32:00+00:00,150,P1,synthetic_digital_twin_from_p0_sample,INC-P0-M03-DOWN,20260713
DT-INCIDENT-0238,machine_down,M-06,2026-07-19T02:09:00+00:00,165,P2,synthetic_digital_twin_from_p0_sample,INC-P0-SYNTHETIC-EXT-02,20260713
DT-INCIDENT-0239,machine_down,M-03,2026-07-19T02:46:00+00:00,180,P3,synthetic_digital_twin_from_p0_sample,INC-P0-M03-DOWN,20260713
DT-INCIDENT-0240,machine_down,M-06,2026-07-19T03:23:00+00:00,195,P4,synthetic_digital_twin_from_p0_sample,INC-P0-SYNTHETIC-EXT-02,20260713
DT-INCIDENT-0241,machine_down,M-03,2026-07-19T04:00:00+00:00,30,P1,synthetic_digital_twin_from_p0_sample,INC-P0-M03-DOWN,20260713
DT-INCIDENT-0242,machine_down,M-06,2026-07-19T04:37:00+00:00,45,P2,synthetic_digital_twin_from_p0_sample,INC-P0-SYNTHETIC-EXT-02,20260713
DT-INCIDENT-0243,machine_down,M-03,2026-07-19T05:14:00+00:00,60,P3,synthetic_digital_twin_from_p0_sample,INC-P0-M03-DOWN,20260713
DT-INCIDENT-0244,machine_down,M-06,2026-07-19T05:51:00+00:00,75,P4,synthetic_digital_twin_from_p0_sample,INC-P0-SYNTHETIC-EXT-02,20260713
DT-INCIDENT-0245,machine_down,M-03,2026-07-19T06:28:00+00:00,90,P1,synthetic_digital_twin_from_p0_sample,INC-P0-M03-DOWN,20260713
DT-INCIDENT-0246,machine_down,M-06,2026-07-19T07:05:00+00:00,105,P2,synthetic_digital_twin_from_p0_sample,INC-P0-SYNTHETIC-EXT-02,20260713
DT-INCIDENT-0247,machine_down,M-03,2026-07-19T07:42:00+00:00,120,P3,synthetic_digital_twin_from_p0_sample,INC-P0-M03-DOWN,20260713
DT-INCIDENT-0248,machine_down,M-06,2026-07-19T08:19:00+00:00,135,P4,synthetic_digital_twin_from_p0_sample,INC-P0-SYNTHETIC-EXT-02,20260713
DT-INCIDENT-0249,machine_down,M-03,2026-07-19T08:56:00+00:00,150,P1,synthetic_digital_twin_from_p0_sample,INC-P0-M03-DOWN,20260713
DT-INCIDENT-0250,machine_down,M-06,2026-07-19T09:33:00+00:00,165,P2,synthetic_digital_twin_from_p0_sample,INC-P0-SYNTHETIC-EXT-02,20260713
DT-INCIDENT-0251,machine_down,M-03,2026-07-19T10:10:00+00:00,180,P3,synthetic_digital_twin_from_p0_sample,INC-P0-M03-DOWN,20260713
DT-INCIDENT-0252,machine_down,M-06,2026-07-19T10:47:00+00:00,195,P4,synthetic_digital_twin_from_p0_sample,INC-P0-SYNTHETIC-EXT-02,20260713
DT-INCIDENT-0253,machine_down,M-03,2026-07-19T11:24:00+00:00,30,P1,synthetic_digital_twin_from_p0_sample,INC-P0-M03-DOWN,20260713
DT-INCIDENT-0254,machine_down,M-06,2026-07-19T12:01:00+00:00,45,P2,synthetic_digital_twin_from_p0_sample,INC-P0-SYNTHETIC-EXT-02,20260713
DT-INCIDENT-0255,machine_down,M-03,2026-07-19T12:38:00+00:00,60,P3,synthetic_digital_twin_from_p0_sample,INC-P0-M03-DOWN,20260713
DT-INCIDENT-0256,machine_down,M-06,2026-07-19T13:15:00+00:00,75,P4,synthetic_digital_twin_from_p0_sample,INC-P0-SYNTHETIC-EXT-02,20260713
DT-INCIDENT-0257,machine_down,M-03,2026-07-19T13:52:00+00:00,90,P1,synthetic_digital_twin_from_p0_sample,INC-P0-M03-DOWN,20260713
DT-INCIDENT-0258,machine_down,M-06,2026-07-19T14:29:00+00:00,105,P2,synthetic_digital_twin_from_p0_sample,INC-P0-SYNTHETIC-EXT-02,20260713
DT-INCIDENT-0259,machine_down,M-03,2026-07-19T15:06:00+00:00,120,P3,synthetic_digital_twin_from_p0_sample,INC-P0-M03-DOWN,20260713
DT-INCIDENT-0260,machine_down,M-06,2026-07-19T15:43:00+00:00,135,P4,synthetic_digital_twin_from_p0_sample,INC-P0-SYNTHETIC-EXT-02,20260713
DT-INCIDENT-0261,machine_down,M-03,2026-07-19T16:20:00+00:00,150,P1,synthetic_digital_twin_from_p0_sample,INC-P0-M03-DOWN,20260713
DT-INCIDENT-0262,machine_down,M-06,2026-07-19T16:57:00+00:00,165,P2,synthetic_digital_twin_from_p0_sample,INC-P0-SYNTHETIC-EXT-02,20260713
DT-INCIDENT-0263,machine_down,M-03,2026-07-19T17:34:00+00:00,180,P3,synthetic_digital_twin_from_p0_sample,INC-P0-M03-DOWN,20260713
DT-INCIDENT-0264,machine_down,M-06,2026-07-19T18:11:00+00:00,195,P4,synthetic_digital_twin_from_p0_sample,INC-P0-SYNTHETIC-EXT-02,20260713
DT-INCIDENT-0265,machine_down,M-03,2026-07-19T18:48:00+00:00,30,P1,synthetic_digital_twin_from_p0_sample,INC-P0-M03-DOWN,20260713
DT-INCIDENT-0266,machine_down,M-06,2026-07-19T19:25:00+00:00,45,P2,synthetic_digital_twin_from_p0_sample,INC-P0-SYNTHETIC-EXT-02,20260713
DT-INCIDENT-0267,machine_down,M-03,2026-07-19T20:02:00+00:00,60,P3,synthetic_digital_twin_from_p0_sample,INC-P0-M03-DOWN,20260713
DT-INCIDENT-0268,machine_down,M-06,2026-07-19T20:39:00+00:00,75,P4,synthetic_digital_twin_from_p0_sample,INC-P0-SYNTHETIC-EXT-02,20260713
DT-INCIDENT-0269,machine_down,M-03,2026-07-19T21:16:00+00:00,90,P1,synthetic_digital_twin_from_p0_sample,INC-P0-M03-DOWN,20260713
DT-INCIDENT-0270,machine_down,M-06,2026-07-19T21:53:00+00:00,105,P2,synthetic_digital_twin_from_p0_sample,INC-P0-SYNTHETIC-EXT-02,20260713
DT-INCIDENT-0271,machine_down,M-03,2026-07-19T22:30:00+00:00,120,P3,synthetic_digital_twin_from_p0_sample,INC-P0-M03-DOWN,20260713
DT-INCIDENT-0272,machine_down,M-06,2026-07-19T23:07:00+00:00,135,P4,synthetic_digital_twin_from_p0_sample,INC-P0-SYNTHETIC-EXT-02,20260713
DT-INCIDENT-0273,machine_down,M-03,2026-07-19T23:44:00+00:00,150,P1,synthetic_digital_twin_from_p0_sample,INC-P0-M03-DOWN,20260713
DT-INCIDENT-0274,machine_down,M-06,2026-07-20T00:21:00+00:00,165,P2,synthetic_digital_twin_from_p0_sample,INC-P0-SYNTHETIC-EXT-02,20260713
DT-INCIDENT-0275,machine_down,M-03,2026-07-20T00:58:00+00:00,180,P3,synthetic_digital_twin_from_p0_sample,INC-P0-M03-DOWN,20260713
DT-INCIDENT-0276,machine_down,M-06,2026-07-20T01:35:00+00:00,195,P4,synthetic_digital_twin_from_p0_sample,INC-P0-SYNTHETIC-EXT-02,20260713
DT-INCIDENT-0277,machine_down,M-03,2026-07-20T02:12:00+00:00,30,P1,synthetic_digital_twin_from_p0_sample,INC-P0-M03-DOWN,20260713
DT-INCIDENT-0278,machine_down,M-06,2026-07-20T02:49:00+00:00,45,P2,synthetic_digital_twin_from_p0_sample,INC-P0-SYNTHETIC-EXT-02,20260713
DT-INCIDENT-0279,machine_down,M-03,2026-07-20T03:26:00+00:00,60,P3,synthetic_digital_twin_from_p0_sample,INC-P0-M03-DOWN,20260713
DT-INCIDENT-0280,machine_down,M-06,2026-07-20T04:03:00+00:00,75,P4,synthetic_digital_twin_from_p0_sample,INC-P0-SYNTHETIC-EXT-02,20260713
DT-INCIDENT-0281,machine_down,M-03,2026-07-20T04:40:00+00:00,90,P1,synthetic_digital_twin_from_p0_sample,INC-P0-M03-DOWN,20260713
DT-INCIDENT-0282,machine_down,M-06,2026-07-20T05:17:00+00:00,105,P2,synthetic_digital_twin_from_p0_sample,INC-P0-SYNTHETIC-EXT-02,20260713
DT-INCIDENT-0283,machine_down,M-03,2026-07-20T05:54:00+00:00,120,P3,synthetic_digital_twin_from_p0_sample,INC-P0-M03-DOWN,20260713
DT-INCIDENT-0284,machine_down,M-06,2026-07-20T06:31:00+00:00,135,P4,synthetic_digital_twin_from_p0_sample,INC-P0-SYNTHETIC-EXT-02,20260713
DT-INCIDENT-0285,machine_down,M-03,2026-07-20T07:08:00+00:00,150,P1,synthetic_digital_twin_from_p0_sample,INC-P0-M03-DOWN,20260713
DT-INCIDENT-0286,machine_down,M-06,2026-07-20T07:45:00+00:00,165,P2,synthetic_digital_twin_from_p0_sample,INC-P0-SYNTHETIC-EXT-02,20260713
DT-INCIDENT-0287,machine_down,M-03,2026-07-20T08:22:00+00:00,180,P3,synthetic_digital_twin_from_p0_sample,INC-P0-M03-DOWN,20260713
DT-INCIDENT-0288,machine_down,M-06,2026-07-20T08:59:00+00:00,195,P4,synthetic_digital_twin_from_p0_sample,INC-P0-SYNTHETIC-EXT-02,20260713
DT-INCIDENT-0289,machine_down,M-03,2026-07-20T09:36:00+00:00,30,P1,synthetic_digital_twin_from_p0_sample,INC-P0-M03-DOWN,20260713
DT-INCIDENT-0290,machine_down,M-06,2026-07-20T10:13:00+00:00,45,P2,synthetic_digital_twin_from_p0_sample,INC-P0-SYNTHETIC-EXT-02,20260713
DT-INCIDENT-0291,machine_down,M-03,2026-07-20T10:50:00+00:00,60,P3,synthetic_digital_twin_from_p0_sample,INC-P0-M03-DOWN,20260713
DT-INCIDENT-0292,machine_down,M-06,2026-07-20T11:27:00+00:00,75,P4,synthetic_digital_twin_from_p0_sample,INC-P0-SYNTHETIC-EXT-02,20260713
DT-INCIDENT-0293,machine_down,M-03,2026-07-20T12:04:00+00:00,90,P1,synthetic_digital_twin_from_p0_sample,INC-P0-M03-DOWN,20260713
DT-INCIDENT-0294,machine_down,M-06,2026-07-20T12:41:00+00:00,105,P2,synthetic_digital_twin_from_p0_sample,INC-P0-SYNTHETIC-EXT-02,20260713
DT-INCIDENT-0295,machine_down,M-03,2026-07-20T13:18:00+00:00,120,P3,synthetic_digital_twin_from_p0_sample,INC-P0-M03-DOWN,20260713
DT-INCIDENT-0296,machine_down,M-06,2026-07-20T13:55:00+00:00,135,P4,synthetic_digital_twin_from_p0_sample,INC-P0-SYNTHETIC-EXT-02,20260713
DT-INCIDENT-0297,machine_down,M-03,2026-07-20T14:32:00+00:00,150,P1,synthetic_digital_twin_from_p0_sample,INC-P0-M03-DOWN,20260713
DT-INCIDENT-0298,machine_down,M-06,2026-07-20T15:09:00+00:00,165,P2,synthetic_digital_twin_from_p0_sample,INC-P0-SYNTHETIC-EXT-02,20260713
DT-INCIDENT-0299,machine_down,M-03,2026-07-20T15:46:00+00:00,180,P3,synthetic_digital_twin_from_p0_sample,INC-P0-M03-DOWN,20260713
DT-INCIDENT-0300,machine_down,M-06,2026-07-20T16:23:00+00:00,195,P4,synthetic_digital_twin_from_p0_sample,INC-P0-SYNTHETIC-EXT-02,20260713
