schedule_operation_id,machine_id,task,task_mode,planned_start,planned_end,product_finished
TEXTILE-SCHEDULE-0001,MAQ118,Harden[1.5],Harden[1.5] TM2,2026-01-05T08:05:00+00:00,2026-01-05T08:10:00+00:00,
TEXTILE-SCHEDULE-0002,MAQ118,Harden[1.5],Harden[1.5] TM2,2026-01-05T09:20:00+00:00,2026-01-05T09:25:00+00:00,
TEXTILE-SCHEDULE-0003,MAQ118,Harden[1],Harden[1] TM3,2026-01-05T11:35:00+00:00,2026-01-05T11:40:00+00:00,
TEXTILE-SCHEDULE-0004,MAQ118,Ironing,Ironing TM3,2026-01-05T12:25:00+00:00,2026-01-05T13:10:00+00:00,GORGORÃO RIBBON W/ INSCR
TEXTILE-SCHEDULE-0005,MAQ118,Harden[1.5],Harden[1.5] TM2,2026-01-05T13:30:00+00:00,2026-01-05T13:35:00+00:00,
TEXTILE-SCHEDULE-0006,MAQ118,Ironing,Ironing TM3,2026-01-05T15:20:00+00:00,2026-01-05T16:05:00+00:00,
TEXTILE-SCHEDULE-0007,MAQ118,Harden[1],Harden[1] TM3,2026-01-05T16:40:00+00:00,2026-01-05T16:45:00+00:00,TAFFETA EMBLEM
TEXTILE-SCHEDULE-0008,MAQ118,Ironing,Ironing TM3,2026-01-05T17:35:00+00:00,2026-01-05T18:20:00+00:00,
TEXTILE-SCHEDULE-0009,MAQ118,Harden[0.5],Harden[0.5] TM2,2026-01-05T19:45:00+00:00,2026-01-05T19:50:00+00:00,
TEXTILE-SCHEDULE-0010,MAQ118,Ironing,Ironing TM3,2026-01-05T23:05:00+00:00,2026-01-05T23:50:00+00:00,
TEXTILE-SCHEDULE-0011,MAQ118,Harden[1.5],Harden[1.5] TM2,2026-01-06T00:10:00+00:00,2026-01-06T00:15:00+00:00,
TEXTILE-SCHEDULE-0012,MAQ118,Harden[1],Harden[1] TM3,2026-01-06T01:40:00+00:00,2026-01-06T01:45:00+00:00,
TEXTILE-SCHEDULE-0013,MAQ118,Harden[1.5],Harden[1.5] TM2,2026-01-06T02:30:00+00:00,2026-01-06T02:35:00+00:00,
TEXTILE-SCHEDULE-0014,MAQ118,Harden[1],Harden[1] TM3,2026-01-06T03:45:00+00:00,2026-01-06T03:50:00+00:00,
TEXTILE-SCHEDULE-0015,MAQ118,Harden[0.5],Harden[0.5] TM2,2026-01-06T04:45:00+00:00,2026-01-06T04:50:00+00:00,
TEXTILE-SCHEDULE-0016,MAQ118,Harden[1.5],Harden[1.5] TM2,2026-01-06T05:10:00+00:00,2026-01-06T05:15:00+00:00,
TEXTILE-SCHEDULE-0017,MAQ118,Harden[0.5],Harden[0.5] TM2,2026-01-06T06:25:00+00:00,2026-01-06T06:30:00+00:00,
TEXTILE-SCHEDULE-0018,MAQ118,Ironing,Ironing TM3,2026-01-06T07:05:00+00:00,2026-01-06T07:50:00+00:00,
TEXTILE-SCHEDULE-0019,MAQ118,Harden[0.5],Harden[0.5] TM2,2026-01-06T08:05:00+00:00,2026-01-06T08:10:00+00:00,SMOOTH ELASTIC(A)
TEXTILE-SCHEDULE-0020,MAQ118,Ironing,Ironing TM3,2026-01-06T08:30:00+00:00,2026-01-06T09:15:00+00:00,ESTORE RIBBON
TEXTILE-SCHEDULE-0021,MAQ118,Ironing,Ironing TM3,2026-01-06T09:50:00+00:00,2026-01-06T10:35:00+00:00,SMOOTH STRAP(A)
TEXTILE-SCHEDULE-0022,MAQ118,Ironing,Ironing TM3,2026-01-06T14:05:00+00:00,2026-01-06T14:50:00+00:00,
TEXTILE-SCHEDULE-0023,MAQ118,Harden[2],Harden[2] TM1,2026-01-06T15:45:00+00:00,2026-01-06T17:40:00+00:00,ROK ELASTIC
TEXTILE-SCHEDULE-0024,MAQ118,Harden[1],Harden[1] TM3,2026-01-06T17:50:00+00:00,2026-01-06T17:55:00+00:00,
TEXTILE-SCHEDULE-0025,MAQ118,Harden[1],Harden[1] TM3,2026-01-06T18:45:00+00:00,2026-01-06T18:50:00+00:00,
TEXTILE-SCHEDULE-0026,MAQ118,Harden[0.5],Harden[0.5] TM2,2026-01-06T19:35:00+00:00,2026-01-06T19:40:00+00:00,
TEXTILE-SCHEDULE-0027,MAQ118,Harden[1],Harden[1] TM3,2026-01-06T20:05:00+00:00,2026-01-06T20:10:00+00:00,STRAP W/ STRIPES
TEXTILE-SCHEDULE-0028,MAQ118,Harden[0.5],Harden[0.5] TM2,2026-01-06T20:55:00+00:00,2026-01-06T21:00:00+00:00,
TEXTILE-SCHEDULE-0029,MAQ118,Harden[1],Harden[1] TM3,2026-01-06T21:30:00+00:00,2026-01-06T21:35:00+00:00,
TEXTILE-SCHEDULE-0030,MAQ118,Harden[1],Harden[1] TM3,2026-01-06T22:20:00+00:00,2026-01-06T22:25:00+00:00,
TEXTILE-SCHEDULE-0031,MAQ118,Harden[1],Harden[1] TM3,2026-01-06T23:20:00+00:00,2026-01-06T23:25:00+00:00,TAFFETA EMBLEM
TEXTILE-SCHEDULE-0032,MAQ118,Harden[1],Harden[1] TM3,2026-01-07T00:20:00+00:00,2026-01-07T00:25:00+00:00,
TEXTILE-SCHEDULE-0033,MAQ118,Harden[0.5],Harden[0.5] TM2,2026-01-07T01:15:00+00:00,2026-01-07T01:20:00+00:00,
TEXTILE-SCHEDULE-0034,MAQ118,Harden[1],Harden[1] TM3,2026-01-07T01:50:00+00:00,2026-01-07T01:55:00+00:00,
TEXTILE-SCHEDULE-0035,MAQ118,Harden[0.5],Harden[0.5] TM2,2026-01-07T02:55:00+00:00,2026-01-07T03:00:00+00:00,SMOOTH ELASTIC(A)
TEXTILE-SCHEDULE-0036,MAQ118,Harden[0.5],Harden[0.5] TM2,2026-01-07T03:20:00+00:00,2026-01-07T03:25:00+00:00,
TEXTILE-SCHEDULE-0037,MAQ118,Harden[1],Harden[1] TM3,2026-01-07T04:10:00+00:00,2026-01-07T04:15:00+00:00,
TEXTILE-SCHEDULE-0038,MAQ118,Ironing,Ironing TM3,2026-01-07T05:25:00+00:00,2026-01-07T06:10:00+00:00,GORGORÃO RIBBON
TEXTILE-SCHEDULE-0039,MAQ118,Harden[1],Harden[1] TM3,2026-01-07T08:15:00+00:00,2026-01-07T08:20:00+00:00,STRAP W/ STRIPES
TEXTILE-SCHEDULE-0040,MAQ118,Harden[1],Harden[1] TM3,2026-01-07T09:20:00+00:00,2026-01-07T09:25:00+00:00,
TEXTILE-SCHEDULE-0041,MAQ118,Harden[0.5],Harden[0.5] TM2,2026-01-07T10:05:00+00:00,2026-01-07T10:10:00+00:00,SMOOTH ELASTIC(A)
TEXTILE-SCHEDULE-0042,MAQ118,Harden[0.5],Harden[0.5] TM2,2026-01-07T10:30:00+00:00,2026-01-07T10:35:00+00:00,
TEXTILE-SCHEDULE-0043,MAQ118,Ironing,Ironing TM3,2026-01-07T10:55:00+00:00,2026-01-07T11:40:00+00:00,ELASTIC W/ INSCR
TEXTILE-SCHEDULE-0044,MAQ118,Harden[1],Harden[1] TM3,2026-01-07T12:00:00+00:00,2026-01-07T12:05:00+00:00,
TEXTILE-SCHEDULE-0045,MAQ118,Harden[0.5],Harden[0.5] TM2,2026-01-07T13:05:00+00:00,2026-01-07T13:10:00+00:00,
TEXTILE-SCHEDULE-0046,MAQ118,Harden[0.5],Harden[0.5] TM2,2026-01-07T13:30:00+00:00,2026-01-07T13:35:00+00:00,
TEXTILE-SCHEDULE-0047,MAQ118,Harden[1],Harden[1] TM3,2026-01-07T14:00:00+00:00,2026-01-07T14:05:00+00:00,
TEXTILE-SCHEDULE-0048,MAQ118,Harden[0.5],Harden[0.5] TM2,2026-01-07T14:45:00+00:00,2026-01-07T14:50:00+00:00,
TEXTILE-SCHEDULE-0049,MAQ118,Harden[1],Harden[1] TM3,2026-01-07T15:10:00+00:00,2026-01-07T15:15:00+00:00,
TEXTILE-SCHEDULE-0050,MAQ118,Ironing,Ironing TM3,2026-01-07T16:00:00+00:00,2026-01-07T16:45:00+00:00,ESTORE RIBBON
TEXTILE-SCHEDULE-0051,MAQ118,Harden[0.5],Harden[0.5] TM2,2026-01-07T17:05:00+00:00,2026-01-07T17:10:00+00:00,
TEXTILE-SCHEDULE-0052,MAQ118,Harden[0.5],Harden[0.5] TM2,2026-01-07T17:30:00+00:00,2026-01-07T17:35:00+00:00,
TEXTILE-SCHEDULE-0053,MAQ118,Harden[0.5],Harden[0.5] TM2,2026-01-07T18:00:00+00:00,2026-01-07T18:05:00+00:00,WOVEN LABEL OURELA FABRIC
TEXTILE-SCHEDULE-0054,MAQ118,Harden[1.5],Harden[1.5] TM2,2026-01-08T00:50:00+00:00,2026-01-08T00:55:00+00:00,WOVEN LABEL OURELA CUT
TEXTILE-SCHEDULE-0055,MAQ118,Harden[1],Harden[1] TM3,2026-01-08T02:05:00+00:00,2026-01-08T02:10:00+00:00,
TEXTILE-SCHEDULE-0056,MAQ118,Harden[2],Harden[2] TM1,2026-01-08T02:55:00+00:00,2026-01-08T04:50:00+00:00,ROK ELASTIC
TEXTILE-SCHEDULE-0057,MAQ118,Harden[1],Harden[1] TM3,2026-01-08T05:20:00+00:00,2026-01-08T05:25:00+00:00,TAFFETA EMBLEM
TEXTILE-SCHEDULE-0058,MAQ118,Harden[1],Harden[1] TM3,2026-01-08T06:05:00+00:00,2026-01-08T06:10:00+00:00,WOVEN LABEL OURELA FABRIC
TEXTILE-SCHEDULE-0059,MAQ118,Ironing,Ironing TM3,2026-01-08T07:05:00+00:00,2026-01-08T07:50:00+00:00,WOVEN LABEL OURELA CUT
TEXTILE-SCHEDULE-0060,MAQ118,Harden[2],Harden[2] TM1,2026-01-08T08:05:00+00:00,2026-01-08T10:00:00+00:00,ROK ELASTIC
TEXTILE-SCHEDULE-0061,MAQ118,Harden[1],Harden[1] TM3,2026-01-08T10:00:00+00:00,2026-01-08T10:05:00+00:00,
TEXTILE-SCHEDULE-0062,MAQ118,Ironing,Ironing TM3,2026-01-08T18:15:00+00:00,2026-01-08T19:00:00+00:00,WOVEN LABEL OURELA FABRIC
TEXTILE-SCHEDULE-0063,MAQ118,Harden[1],Harden[1] TM3,2026-01-08T19:30:00+00:00,2026-01-08T19:35:00+00:00,TAFFETA EMBLEM
TEXTILE-SCHEDULE-0064,MAQ118,Harden[1],Harden[1] TM3,2026-01-08T20:35:00+00:00,2026-01-08T20:40:00+00:00,STRAP W/ STRIPES
TEXTILE-SCHEDULE-0065,MAQ118,Ironing,Ironing TM3,2026-01-08T21:20:00+00:00,2026-01-08T22:05:00+00:00,
TEXTILE-SCHEDULE-0066,MAQ118,Ironing,Ironing TM3,2026-01-08T22:45:00+00:00,2026-01-08T23:30:00+00:00,ESTORE RIBBON
TEXTILE-SCHEDULE-0067,MAQ118,Harden[1],Harden[1] TM3,2026-01-08T23:45:00+00:00,2026-01-08T23:50:00+00:00,
TEXTILE-SCHEDULE-0068,MAQ118,Ironing,Ironing TM3,2026-01-09T00:40:00+00:00,2026-01-09T01:25:00+00:00,WOVEN LABEL OURELA FABRIC
TEXTILE-SCHEDULE-0069,MAQ118,Ironing,Ironing TM3,2026-01-09T02:15:00+00:00,2026-01-09T03:00:00+00:00,GORGORÃO RIBBON
TEXTILE-SCHEDULE-0070,MAQ119,Harden[1],Harden[1] TM1,2026-01-05T09:50:00+00:00,2026-01-05T11:10:00+00:00,
TEXTILE-SCHEDULE-0071,MAQ119,Harden[1],Harden[1] TM1,2026-01-05T11:10:00+00:00,2026-01-05T12:30:00+00:00,
TEXTILE-SCHEDULE-0072,MAQ119,Harden[1],Harden[1] TM1,2026-01-05T12:30:00+00:00,2026-01-05T13:50:00+00:00,
TEXTILE-SCHEDULE-0073,MAQ119,Ironing,Ironing TM2,2026-01-05T14:40:00+00:00,2026-01-05T14:45:00+00:00,GORGORÃO RIBBON
TEXTILE-SCHEDULE-0074,MAQ119,Harden[1],Harden[1] TM1,2026-01-05T15:30:00+00:00,2026-01-05T16:50:00+00:00,
TEXTILE-SCHEDULE-0075,MAQ119,Harden[1],Harden[1] TM1,2026-01-05T16:55:00+00:00,2026-01-05T18:15:00+00:00,
TEXTILE-SCHEDULE-0076,MAQ119,Harden[1],Harden[1] TM1,2026-01-05T20:10:00+00:00,2026-01-05T21:30:00+00:00,
TEXTILE-SCHEDULE-0077,MAQ119,Harden[1],Harden[1] TM1,2026-01-05T21:40:00+00:00,2026-01-05T23:00:00+00:00,
TEXTILE-SCHEDULE-0078,MAQ119,Harden[1],Harden[1] TM1,2026-01-05T23:05:00+00:00,2026-01-06T00:25:00+00:00,
TEXTILE-SCHEDULE-0079,MAQ119,Harden[1],Harden[1] TM1,2026-01-06T00:25:00+00:00,2026-01-06T01:45:00+00:00,
TEXTILE-SCHEDULE-0080,MAQ119,Ironing,Ironing TM2,2026-01-06T02:00:00+00:00,2026-01-06T02:05:00+00:00,
TEXTILE-SCHEDULE-0081,MAQ119,Harden[1],Harden[1] TM1,2026-01-06T02:55:00+00:00,2026-01-06T04:15:00+00:00,
TEXTILE-SCHEDULE-0082,MAQ119,Ironing,Ironing TM2,2026-01-06T04:25:00+00:00,2026-01-06T04:30:00+00:00,
TEXTILE-SCHEDULE-0083,MAQ119,Harden[1],Harden[1] TM1,2026-01-06T05:10:00+00:00,2026-01-06T06:30:00+00:00,
TEXTILE-SCHEDULE-0084,MAQ119,Harden[1],Harden[1] TM1,2026-01-06T06:50:00+00:00,2026-01-06T08:10:00+00:00,TAFFETA EMBLEM
TEXTILE-SCHEDULE-0085,MAQ119,Harden[1],Harden[1] TM1,2026-01-06T08:15:00+00:00,2026-01-06T09:35:00+00:00,STRAP W/ STRIPES
TEXTILE-SCHEDULE-0086,MAQ119,Harden[1],Harden[1] TM1,2026-01-06T09:40:00+00:00,2026-01-06T11:00:00+00:00,
TEXTILE-SCHEDULE-0087,MAQ119,Harden[1],Harden[1] TM1,2026-01-06T11:00:00+00:00,2026-01-06T12:20:00+00:00,
TEXTILE-SCHEDULE-0088,MAQ119,Harden[1],Harden[1] TM1,2026-01-06T12:20:00+00:00,2026-01-06T13:40:00+00:00,
TEXTILE-SCHEDULE-0089,MAQ119,Ironing,Ironing TM2,2026-01-06T13:55:00+00:00,2026-01-06T14:00:00+00:00,
TEXTILE-SCHEDULE-0090,MAQ119,Ironing,Ironing TM2,2026-01-06T15:15:00+00:00,2026-01-06T15:20:00+00:00,
TEXTILE-SCHEDULE-0091,MAQ119,Harden[1],Harden[1] TM1,2026-01-06T16:00:00+00:00,2026-01-06T17:20:00+00:00,
TEXTILE-SCHEDULE-0092,MAQ119,Ironing,Ironing TM2,2026-01-06T17:25:00+00:00,2026-01-06T17:30:00+00:00,
TEXTILE-SCHEDULE-0093,MAQ119,Harden[1],Harden[1] TM1,2026-01-06T18:45:00+00:00,2026-01-06T20:05:00+00:00,
TEXTILE-SCHEDULE-0094,MAQ119,Harden[1],Harden[1] TM1,2026-01-06T20:05:00+00:00,2026-01-06T21:25:00+00:00,TAFFETA EMBLEM
TEXTILE-SCHEDULE-0095,MAQ119,Ironing,Ironing TM2,2026-01-06T21:25:00+00:00,2026-01-06T21:30:00+00:00,
TEXTILE-SCHEDULE-0096,MAQ119,Harden[0.5],Harden[0.5] TM1,2026-01-06T22:25:00+00:00,2026-01-06T23:25:00+00:00,
TEXTILE-SCHEDULE-0097,MAQ119,Harden[0.5],Harden[0.5] TM1,2026-01-06T23:30:00+00:00,2026-01-07T00:30:00+00:00,
TEXTILE-SCHEDULE-0098,MAQ119,Harden[0.5],Harden[0.5] TM1,2026-01-07T00:30:00+00:00,2026-01-07T01:30:00+00:00,
TEXTILE-SCHEDULE-0099,MAQ119,Ironing,Ironing TM2,2026-01-07T01:35:00+00:00,2026-01-07T01:40:00+00:00,ESTORE RIBBON
TEXTILE-SCHEDULE-0100,MAQ119,Harden[1],Harden[1] TM1,2026-01-07T02:20:00+00:00,2026-01-07T03:40:00+00:00,
TEXTILE-SCHEDULE-0101,MAQ119,Ironing,Ironing TM2,2026-01-07T03:40:00+00:00,2026-01-07T03:45:00+00:00,GORGORÃO RIBBON W/ INSCR
TEXTILE-SCHEDULE-0102,MAQ119,Harden[1],Harden[1] TM1,2026-01-07T04:25:00+00:00,2026-01-07T05:45:00+00:00,
TEXTILE-SCHEDULE-0103,MAQ119,Harden[1],Harden[1] TM1,2026-01-07T05:45:00+00:00,2026-01-07T07:05:00+00:00,TAFFETA EMBLEM
TEXTILE-SCHEDULE-0104,MAQ119,Harden[1],Harden[1] TM1,2026-01-07T07:25:00+00:00,2026-01-07T08:45:00+00:00,WOVEN LABEL OURELA FABRIC
TEXTILE-SCHEDULE-0105,MAQ119,Harden[1],Harden[1] TM1,2026-01-07T08:55:00+00:00,2026-01-07T10:15:00+00:00,WOVEN LABEL OURELA FABRIC
TEXTILE-SCHEDULE-0106,MAQ119,Harden[0.5],Harden[0.5] TM1,2026-01-07T10:25:00+00:00,2026-01-07T11:25:00+00:00,
TEXTILE-SCHEDULE-0107,MAQ119,Harden[1],Harden[1] TM1,2026-01-07T11:35:00+00:00,2026-01-07T12:55:00+00:00,TAFFETA EMBLEM
TEXTILE-SCHEDULE-0108,MAQ119,Harden[0.5],Harden[0.5] TM1,2026-01-07T13:00:00+00:00,2026-01-07T14:00:00+00:00,
TEXTILE-SCHEDULE-0109,MAQ119,Harden[0.5],Harden[0.5] TM1,2026-01-07T14:05:00+00:00,2026-01-07T15:05:00+00:00,SMOOTH ELASTIC(A)
TEXTILE-SCHEDULE-0110,MAQ119,Harden[1],Harden[1] TM1,2026-01-07T15:15:00+00:00,2026-01-07T16:35:00+00:00,WOVEN LABEL OURELA FABRIC
TEXTILE-SCHEDULE-0111,MAQ119,Harden[1],Harden[1] TM1,2026-01-07T16:35:00+00:00,2026-01-07T17:55:00+00:00,
TEXTILE-SCHEDULE-0112,MAQ119,Harden[1],Harden[1] TM1,2026-01-07T18:25:00+00:00,2026-01-07T19:45:00+00:00,
TEXTILE-SCHEDULE-0113,MAQ119,Harden[1],Harden[1] TM1,2026-01-07T19:45:00+00:00,2026-01-07T21:05:00+00:00,
TEXTILE-SCHEDULE-0114,MAQ119,Harden[0.5],Harden[0.5] TM1,2026-01-07T21:05:00+00:00,2026-01-07T22:05:00+00:00,SMOOTH ELASTIC(A)
TEXTILE-SCHEDULE-0115,MAQ119,Ironing,Ironing TM2,2026-01-07T22:15:00+00:00,2026-01-07T22:20:00+00:00,ESTORE RIBBON
TEXTILE-SCHEDULE-0116,MAQ119,Harden[1],Harden[1] TM1,2026-01-07T23:35:00+00:00,2026-01-08T00:55:00+00:00,WOVEN LABEL OURELA FABRIC
TEXTILE-SCHEDULE-0117,MAQ119,Ironing,Ironing TM2,2026-01-08T01:10:00+00:00,2026-01-08T01:15:00+00:00,GORGORÃO RIBBON
TEXTILE-SCHEDULE-0118,MAQ119,Harden[0.5],Harden[0.5] TM1,2026-01-08T02:10:00+00:00,2026-01-08T03:10:00+00:00,
TEXTILE-SCHEDULE-0119,MAQ119,Harden[1],Harden[1] TM1,2026-01-08T03:10:00+00:00,2026-01-08T04:30:00+00:00,
TEXTILE-SCHEDULE-0120,MAQ119,Harden[1],Harden[1] TM1,2026-01-08T04:40:00+00:00,2026-01-08T06:00:00+00:00,
TEXTILE-SCHEDULE-0121,MAQ119,Harden[1],Harden[1] TM1,2026-01-08T06:05:00+00:00,2026-01-08T07:25:00+00:00,TAFFETA EMBLEM
TEXTILE-SCHEDULE-0122,MAQ119,Ironing,Ironing TM2,2026-01-08T07:25:00+00:00,2026-01-08T07:30:00+00:00,
TEXTILE-SCHEDULE-0123,MAQ119,Ironing,Ironing TM2,2026-01-08T08:20:00+00:00,2026-01-08T08:25:00+00:00,GORGORÃO RIBBON
TEXTILE-SCHEDULE-0124,MAQ119,Harden[1],Harden[1] TM1,2026-01-08T09:10:00+00:00,2026-01-08T10:30:00+00:00,STRAP W/ STRIPES
TEXTILE-SCHEDULE-0125,MAQ119,Harden[1],Harden[1] TM1,2026-01-08T10:40:00+00:00,2026-01-08T12:00:00+00:00,TAFFETA EMBLEM
TEXTILE-SCHEDULE-0126,MAQ119,Harden[1],Harden[1] TM1,2026-01-08T13:40:00+00:00,2026-01-08T15:00:00+00:00,
TEXTILE-SCHEDULE-0127,MAQ119,Ironing,Ironing TM2,2026-01-08T15:05:00+00:00,2026-01-08T15:10:00+00:00,WOVEN LABEL OURELA CUT
TEXTILE-SCHEDULE-0128,MAQ119,Harden[1],Harden[1] TM1,2026-01-08T15:50:00+00:00,2026-01-08T17:10:00+00:00,WOVEN LABEL OURELA FABRIC
TEXTILE-SCHEDULE-0129,MAQ119,Harden[1.5],Harden[1.5] TM1,2026-01-08T17:55:00+00:00,2026-01-08T20:00:00+00:00,
TEXTILE-SCHEDULE-0130,MAQ119,Ironing,Ironing TM2,2026-01-08T20:10:00+00:00,2026-01-08T20:15:00+00:00,SMOOTH STRAP(A)
TEXTILE-SCHEDULE-0131,MAQ119,Ironing,Ironing TM2,2026-01-08T21:45:00+00:00,2026-01-08T21:50:00+00:00,WOVEN LABEL OURELA CUT
TEXTILE-SCHEDULE-0132,MAQ119,Harden[1],Harden[1] TM1,2026-01-08T22:30:00+00:00,2026-01-08T23:50:00+00:00,WOVEN LABEL OURELA FABRIC
TEXTILE-SCHEDULE-0133,MAQ119,Ironing,Ironing TM2,2026-01-08T23:50:00+00:00,2026-01-08T23:55:00+00:00,ELASTIC W/ INSCR
TEXTILE-SCHEDULE-0134,MAQ119,Harden[1],Harden[1] TM1,2026-01-09T00:35:00+00:00,2026-01-09T01:55:00+00:00,STRAP W/ STRIPES
TEXTILE-SCHEDULE-0135,MAQ119,Harden[1],Harden[1] TM1,2026-01-09T02:05:00+00:00,2026-01-09T03:25:00+00:00,WOVEN LABEL OURELA CUT
TEXTILE-SCHEDULE-0136,MAQ119,Harden[0.5],Harden[0.5] TM1,2026-01-09T03:25:00+00:00,2026-01-09T04:25:00+00:00,
TEXTILE-SCHEDULE-0137,MAQ119,Harden[1],Harden[1] TM1,2026-01-09T04:25:00+00:00,2026-01-09T05:45:00+00:00,WOVEN LABEL OURELA FABRIC
TEXTILE-SCHEDULE-0138,MAQ120,Ironing,Ironing TM1,2026-01-05T07:05:00+00:00,2026-01-05T07:50:00+00:00,
TEXTILE-SCHEDULE-0139,MAQ120,Ironing,Ironing TM1,2026-01-05T07:50:00+00:00,2026-01-05T08:35:00+00:00,GORGORÃO RIBBON
TEXTILE-SCHEDULE-0140,MAQ120,Ironing,Ironing TM1,2026-01-05T09:20:00+00:00,2026-01-05T10:05:00+00:00,
TEXTILE-SCHEDULE-0141,MAQ120,Ironing,Ironing TM1,2026-01-05T10:05:00+00:00,2026-01-05T10:50:00+00:00,
TEXTILE-SCHEDULE-0142,MAQ120,Ironing,Ironing TM1,2026-01-05T10:50:00+00:00,2026-01-05T11:35:00+00:00,GORGORÃO RIBBON W/ INSCR
TEXTILE-SCHEDULE-0143,MAQ120,Ironing,Ironing TM1,2026-01-05T11:35:00+00:00,2026-01-05T12:20:00+00:00,GORGORÃO RIBBON
TEXTILE-SCHEDULE-0144,MAQ120,Ironing,Ironing TM1,2026-01-05T12:20:00+00:00,2026-01-05T13:05:00+00:00,GORGORÃO RIBBON
TEXTILE-SCHEDULE-0145,MAQ120,Ironing,Ironing TM1,2026-01-05T13:05:00+00:00,2026-01-05T13:50:00+00:00,
TEXTILE-SCHEDULE-0146,MAQ120,Ironing,Ironing TM1,2026-01-05T13:50:00+00:00,2026-01-05T14:35:00+00:00,
TEXTILE-SCHEDULE-0147,MAQ120,Ironing,Ironing TM1,2026-01-05T14:35:00+00:00,2026-01-05T15:20:00+00:00,
TEXTILE-SCHEDULE-0148,MAQ120,Ironing,Ironing TM1,2026-01-05T15:20:00+00:00,2026-01-05T16:05:00+00:00,SMOOTH STRAP(A)
TEXTILE-SCHEDULE-0149,MAQ120,Ironing,Ironing TM1,2026-01-05T16:05:00+00:00,2026-01-05T16:50:00+00:00,
TEXTILE-SCHEDULE-0150,MAQ120,Anti-Shrinkage,Anti-Shrinkage TM1,2026-01-05T16:50:00+00:00,2026-01-05T16:55:00+00:00,
TEXTILE-SCHEDULE-0151,MAQ120,Anti-Shrinkage,Anti-Shrinkage TM1,2026-01-05T17:25:00+00:00,2026-01-05T17:30:00+00:00,
TEXTILE-SCHEDULE-0152,MAQ120,Ironing,Ironing TM1,2026-01-05T18:05:00+00:00,2026-01-05T18:50:00+00:00,GORGORÃO RIBBON
TEXTILE-SCHEDULE-0153,MAQ120,Anti-Shrinkage,Anti-Shrinkage TM1,2026-01-05T18:50:00+00:00,2026-01-05T18:55:00+00:00,BRAIDED ELASTIC
TEXTILE-SCHEDULE-0154,MAQ120,Anti-Shrinkage,Anti-Shrinkage TM1,2026-01-05T19:25:00+00:00,2026-01-05T19:30:00+00:00,BRAIDED ELASTIC
TEXTILE-SCHEDULE-0155,MAQ120,Anti-Shrinkage,Anti-Shrinkage TM1,2026-01-05T20:00:00+00:00,2026-01-05T20:05:00+00:00,BRAIDED ELASTIC
TEXTILE-SCHEDULE-0156,MAQ120,Anti-Shrinkage,Anti-Shrinkage TM1,2026-01-05T20:35:00+00:00,2026-01-05T20:40:00+00:00,
TEXTILE-SCHEDULE-0157,MAQ120,Ironing,Ironing TM1,2026-01-05T21:10:00+00:00,2026-01-05T21:55:00+00:00,
TEXTILE-SCHEDULE-0158,MAQ120,Sublimation,Sublimation TM1,2026-01-05T21:55:00+00:00,2026-01-05T22:00:00+00:00,
TEXTILE-SCHEDULE-0159,MAQ120,Sublimation,Sublimation TM1,2026-01-05T22:20:00+00:00,2026-01-05T22:25:00+00:00,PRINTED RIBBON PES
TEXTILE-SCHEDULE-0160,MAQ120,Sublimation,Sublimation TM1,2026-01-05T22:40:00+00:00,2026-01-05T22:45:00+00:00,
TEXTILE-SCHEDULE-0161,MAQ120,Ironing,Ironing TM1,2026-01-06T00:45:00+00:00,2026-01-06T01:30:00+00:00,
TEXTILE-SCHEDULE-0162,MAQ120,Ironing,Ironing TM1,2026-01-06T02:25:00+00:00,2026-01-06T03:10:00+00:00,
TEXTILE-SCHEDULE-0163,MAQ120,Sublimation,Sublimation TM1,2026-01-06T03:10:00+00:00,2026-01-06T03:15:00+00:00,
TEXTILE-SCHEDULE-0164,MAQ120,Sublimation,Sublimation TM1,2026-01-06T03:30:00+00:00,2026-01-06T03:35:00+00:00,
TEXTILE-SCHEDULE-0165,MAQ120,Anti-Shrinkage,Anti-Shrinkage TM1,2026-01-06T04:00:00+00:00,2026-01-06T04:05:00+00:00,
TEXTILE-SCHEDULE-0166,MAQ120,Anti-Shrinkage,Anti-Shrinkage TM1,2026-01-06T04:35:00+00:00,2026-01-06T04:40:00+00:00,
TEXTILE-SCHEDULE-0167,MAQ120,Sublimation,Sublimation TM1,2026-01-06T05:10:00+00:00,2026-01-06T05:15:00+00:00,PRINTED RIBBON
TEXTILE-SCHEDULE-0168,MAQ120,Ironing,Ironing TM1,2026-01-06T05:40:00+00:00,2026-01-06T06:25:00+00:00,
TEXTILE-SCHEDULE-0169,MAQ120,Sublimation,Sublimation TM1,2026-01-06T06:25:00+00:00,2026-01-06T06:30:00+00:00,
TEXTILE-SCHEDULE-0170,MAQ120,Anti-Shrinkage,Anti-Shrinkage TM1,2026-01-06T07:00:00+00:00,2026-01-06T07:05:00+00:00,
TEXTILE-SCHEDULE-0171,MAQ120,Sublimation,Sublimation TM1,2026-01-06T07:35:00+00:00,2026-01-06T07:40:00+00:00,PRINTED RIBBON PES
TEXTILE-SCHEDULE-0172,MAQ120,Anti-Shrinkage,Anti-Shrinkage TM1,2026-01-06T07:55:00+00:00,2026-01-06T08:00:00+00:00,
TEXTILE-SCHEDULE-0173,MAQ120,Ironing,Ironing TM1,2026-01-06T08:30:00+00:00,2026-01-06T09:15:00+00:00,
TEXTILE-SCHEDULE-0174,MAQ120,Sublimation,Sublimation TM1,2026-01-06T09:15:00+00:00,2026-01-06T09:20:00+00:00,
TEXTILE-SCHEDULE-0175,MAQ120,Sublimation,Sublimation TM1,2026-01-06T09:35:00+00:00,2026-01-06T09:40:00+00:00,
TEXTILE-SCHEDULE-0176,MAQ120,Sublimation,Sublimation TM1,2026-01-06T09:55:00+00:00,2026-01-06T10:00:00+00:00,
TEXTILE-SCHEDULE-0177,MAQ120,Anti-Shrinkage,Anti-Shrinkage TM1,2026-01-06T10:15:00+00:00,2026-01-06T10:20:00+00:00,
TEXTILE-SCHEDULE-0178,MAQ120,Ironing,Ironing TM1,2026-01-06T11:00:00+00:00,2026-01-06T11:45:00+00:00,
TEXTILE-SCHEDULE-0179,MAQ120,Anti-Shrinkage,Anti-Shrinkage TM1,2026-01-06T11:45:00+00:00,2026-01-06T11:50:00+00:00,
TEXTILE-SCHEDULE-0180,MAQ120,Ironing,Ironing TM1,2026-01-06T12:20:00+00:00,2026-01-06T13:05:00+00:00,
TEXTILE-SCHEDULE-0181,MAQ120,Sublimation,Sublimation TM1,2026-01-06T13:05:00+00:00,2026-01-06T13:10:00+00:00,PRINTED RIBBON
TEXTILE-SCHEDULE-0182,MAQ120,Anti-Shrinkage,Anti-Shrinkage TM1,2026-01-06T13:25:00+00:00,2026-01-06T13:30:00+00:00,
TEXTILE-SCHEDULE-0183,MAQ120,Anti-Shrinkage,Anti-Shrinkage TM1,2026-01-06T14:05:00+00:00,2026-01-06T14:10:00+00:00,
TEXTILE-SCHEDULE-0184,MAQ120,Sublimation,Sublimation TM1,2026-01-06T14:40:00+00:00,2026-01-06T14:45:00+00:00,PRINTED RIBBON PES
TEXTILE-SCHEDULE-0185,MAQ120,Ironing,Ironing TM1,2026-01-06T15:05:00+00:00,2026-01-06T15:50:00+00:00,
TEXTILE-SCHEDULE-0186,MAQ120,Anti-Shrinkage,Anti-Shrinkage TM1,2026-01-06T16:10:00+00:00,2026-01-06T16:15:00+00:00,
TEXTILE-SCHEDULE-0187,MAQ120,Anti-Shrinkage,Anti-Shrinkage TM1,2026-01-06T16:50:00+00:00,2026-01-06T16:55:00+00:00,
TEXTILE-SCHEDULE-0188,MAQ120,Anti-Shrinkage,Anti-Shrinkage TM1,2026-01-06T17:25:00+00:00,2026-01-06T17:30:00+00:00,
TEXTILE-SCHEDULE-0189,MAQ120,Anti-Shrinkage,Anti-Shrinkage TM1,2026-01-06T18:00:00+00:00,2026-01-06T18:05:00+00:00,
TEXTILE-SCHEDULE-0190,MAQ120,Anti-Shrinkage,Anti-Shrinkage TM1,2026-01-06T18:40:00+00:00,2026-01-06T18:45:00+00:00,
TEXTILE-SCHEDULE-0191,MAQ120,Anti-Shrinkage,Anti-Shrinkage TM1,2026-01-06T19:15:00+00:00,2026-01-06T19:20:00+00:00,
TEXTILE-SCHEDULE-0192,MAQ120,Ironing,Ironing TM1,2026-01-06T19:50:00+00:00,2026-01-06T20:35:00+00:00,GORGORÃO RIBBON W/ INSCR
TEXTILE-SCHEDULE-0193,MAQ120,Ironing,Ironing TM1,2026-01-06T20:35:00+00:00,2026-01-06T21:20:00+00:00,
TEXTILE-SCHEDULE-0194,MAQ120,Ironing,Ironing TM1,2026-01-06T21:20:00+00:00,2026-01-06T22:05:00+00:00,
TEXTILE-SCHEDULE-0195,MAQ120,Anti-Shrinkage,Anti-Shrinkage TM1,2026-01-06T22:05:00+00:00,2026-01-06T22:10:00+00:00,PRINTED RIBBON
TEXTILE-SCHEDULE-0196,MAQ120,Ironing,Ironing TM1,2026-01-06T22:55:00+00:00,2026-01-06T23:40:00+00:00,
TEXTILE-SCHEDULE-0197,MAQ120,Anti-Shrinkage,Anti-Shrinkage TM1,2026-01-06T23:40:00+00:00,2026-01-06T23:45:00+00:00,
TEXTILE-SCHEDULE-0198,MAQ120,Ironing,Ironing TM1,2026-01-07T00:15:00+00:00,2026-01-07T01:00:00+00:00,
TEXTILE-SCHEDULE-0199,MAQ120,Anti-Shrinkage,Anti-Shrinkage TM1,2026-01-07T01:10:00+00:00,2026-01-07T01:15:00+00:00,
TEXTILE-SCHEDULE-0200,MAQ120,Sublimation,Sublimation TM1,2026-01-07T01:45:00+00:00,2026-01-07T01:50:00+00:00,
TEXTILE-SCHEDULE-0201,MAQ120,Anti-Shrinkage,Anti-Shrinkage TM1,2026-01-07T02:05:00+00:00,2026-01-07T02:10:00+00:00,
TEXTILE-SCHEDULE-0202,MAQ120,Sublimation,Sublimation TM1,2026-01-07T02:40:00+00:00,2026-01-07T02:45:00+00:00,PRINTED RIBBON PES
TEXTILE-SCHEDULE-0203,MAQ120,Anti-Shrinkage,Anti-Shrinkage TM1,2026-01-07T03:05:00+00:00,2026-01-07T03:10:00+00:00,PRINTED RIBBON
TEXTILE-SCHEDULE-0204,MAQ120,Ironing,Ironing TM1,2026-01-07T04:55:00+00:00,2026-01-07T05:40:00+00:00,
TEXTILE-SCHEDULE-0205,MAQ120,Anti-Shrinkage,Anti-Shrinkage TM1,2026-01-07T05:40:00+00:00,2026-01-07T05:45:00+00:00,
TEXTILE-SCHEDULE-0206,MAQ120,Anti-Shrinkage,Anti-Shrinkage TM1,2026-01-07T06:15:00+00:00,2026-01-07T06:20:00+00:00,
TEXTILE-SCHEDULE-0207,MAQ120,Anti-Shrinkage,Anti-Shrinkage TM1,2026-01-07T07:10:00+00:00,2026-01-07T07:15:00+00:00,
TEXTILE-SCHEDULE-0208,MAQ120,Sublimation,Sublimation TM1,2026-01-07T07:45:00+00:00,2026-01-07T07:50:00+00:00,
TEXTILE-SCHEDULE-0209,MAQ120,Anti-Shrinkage,Anti-Shrinkage TM1,2026-01-07T08:20:00+00:00,2026-01-07T08:25:00+00:00,BRAIDED ELASTIC
TEXTILE-SCHEDULE-0210,MAQ120,Anti-Shrinkage,Anti-Shrinkage TM1,2026-01-07T08:55:00+00:00,2026-01-07T09:00:00+00:00,
TEXTILE-SCHEDULE-0211,MAQ120,Ironing,Ironing TM1,2026-01-07T09:30:00+00:00,2026-01-07T10:15:00+00:00,GORGORÃO RIBBON
TEXTILE-SCHEDULE-0212,MAQ120,Sublimation,Sublimation TM1,2026-01-07T10:15:00+00:00,2026-01-07T10:20:00+00:00,PRINTED RIBBON PES
TEXTILE-SCHEDULE-0213,MAQ120,Sublimation,Sublimation TM1,2026-01-07T10:35:00+00:00,2026-01-07T10:40:00+00:00,
TEXTILE-SCHEDULE-0214,MAQ120,Sublimation,Sublimation TM1,2026-01-07T10:55:00+00:00,2026-01-07T11:00:00+00:00,
TEXTILE-SCHEDULE-0215,MAQ120,Anti-Shrinkage,Anti-Shrinkage TM1,2026-01-07T11:15:00+00:00,2026-01-07T11:20:00+00:00,BRAIDED ELASTIC
TEXTILE-SCHEDULE-0216,MAQ120,Anti-Shrinkage,Anti-Shrinkage TM1,2026-01-07T11:55:00+00:00,2026-01-07T12:00:00+00:00,BRAIDED ELASTIC
TEXTILE-SCHEDULE-0217,MAQ120,Anti-Shrinkage,Anti-Shrinkage TM1,2026-01-07T12:30:00+00:00,2026-01-07T12:35:00+00:00,
TEXTILE-SCHEDULE-0218,MAQ120,Sublimation,Sublimation TM1,2026-01-07T13:15:00+00:00,2026-01-07T13:20:00+00:00,PRINTED RIBBON
TEXTILE-SCHEDULE-0219,MAQ120,Anti-Shrinkage,Anti-Shrinkage TM1,2026-01-07T13:45:00+00:00,2026-01-07T13:50:00+00:00,
TEXTILE-SCHEDULE-0220,MAQ120,Sublimation,Sublimation TM1,2026-01-07T14:20:00+00:00,2026-01-07T14:25:00+00:00,PRINTED RIBBON PES
TEXTILE-SCHEDULE-0221,MAQ120,Sublimation,Sublimation TM1,2026-01-07T14:45:00+00:00,2026-01-07T14:50:00+00:00,PRINTED RIBBON PES
TEXTILE-SCHEDULE-0222,MAQ120,Ironing,Ironing TM1,2026-01-07T15:10:00+00:00,2026-01-07T15:55:00+00:00,
TEXTILE-SCHEDULE-0223,MAQ120,Anti-Shrinkage,Anti-Shrinkage TM1,2026-01-07T15:55:00+00:00,2026-01-07T16:00:00+00:00,PRINTED RIBBON
TEXTILE-SCHEDULE-0224,MAQ120,Anti-Shrinkage,Anti-Shrinkage TM1,2026-01-07T16:35:00+00:00,2026-01-07T16:40:00+00:00,PRINTED RIBBON
TEXTILE-SCHEDULE-0225,MAQ120,Sublimation,Sublimation TM1,2026-01-07T17:15:00+00:00,2026-01-07T17:20:00+00:00,
TEXTILE-SCHEDULE-0226,MAQ120,Sublimation,Sublimation TM1,2026-01-07T17:35:00+00:00,2026-01-07T17:40:00+00:00,
TEXTILE-SCHEDULE-0227,MAQ120,Sublimation,Sublimation TM1,2026-01-07T18:00:00+00:00,2026-01-07T18:05:00+00:00,PRINTED RIBBON
TEXTILE-SCHEDULE-0228,MAQ120,Ironing,Ironing TM1,2026-01-07T18:20:00+00:00,2026-01-07T19:05:00+00:00,GORGORÃO RIBBON
TEXTILE-SCHEDULE-0229,MAQ120,Anti-Shrinkage,Anti-Shrinkage TM1,2026-01-07T19:15:00+00:00,2026-01-07T19:20:00+00:00,BRAIDED ELASTIC
TEXTILE-SCHEDULE-0230,MAQ120,Anti-Shrinkage,Anti-Shrinkage TM1,2026-01-07T19:50:00+00:00,2026-01-07T19:55:00+00:00,PRINTED RIBBON
TEXTILE-SCHEDULE-0231,MAQ120,Anti-Shrinkage,Anti-Shrinkage TM1,2026-01-07T20:50:00+00:00,2026-01-07T20:55:00+00:00,PRINTED RIBBON
TEXTILE-SCHEDULE-0232,MAQ120,Sublimation,Sublimation TM1,2026-01-07T21:35:00+00:00,2026-01-07T21:40:00+00:00,PRINTED RIBBON
TEXTILE-SCHEDULE-0233,MAQ120,Ironing,Ironing TM1,2026-01-07T22:10:00+00:00,2026-01-07T22:55:00+00:00,SMOOTH STRAP(A)
TEXTILE-SCHEDULE-0234,MAQ120,Anti-Shrinkage,Anti-Shrinkage TM1,2026-01-07T23:10:00+00:00,2026-01-07T23:15:00+00:00,PRINTED RIBBON
TEXTILE-SCHEDULE-0235,MAQ120,Anti-Shrinkage,Anti-Shrinkage TM1,2026-01-07T23:45:00+00:00,2026-01-07T23:50:00+00:00,PRINTED RIBBON
TEXTILE-SCHEDULE-0236,MAQ120,Anti-Shrinkage,Anti-Shrinkage TM1,2026-01-08T00:20:00+00:00,2026-01-08T00:25:00+00:00,BRAIDED ELASTIC
TEXTILE-SCHEDULE-0237,MAQ120,Anti-Shrinkage,Anti-Shrinkage TM1,2026-01-08T01:10:00+00:00,2026-01-08T01:15:00+00:00,PRINTED RIBBON
TEXTILE-SCHEDULE-0238,MAQ120,Sublimation,Sublimation TM1,2026-01-08T01:55:00+00:00,2026-01-08T02:00:00+00:00,PRINTED RIBBON
TEXTILE-SCHEDULE-0239,MAQ120,Anti-Shrinkage,Anti-Shrinkage TM1,2026-01-08T02:25:00+00:00,2026-01-08T02:30:00+00:00,BRAIDED ELASTIC
TEXTILE-SCHEDULE-0240,MAQ120,Ironing,Ironing TM1,2026-01-08T03:20:00+00:00,2026-01-08T04:05:00+00:00,GORGORÃO RIBBON W/ INSCR
TEXTILE-SCHEDULE-0241,MAQ120,Anti-Shrinkage,Anti-Shrinkage TM1,2026-01-08T04:30:00+00:00,2026-01-08T04:35:00+00:00,ELASTIC W/ INSCR
TEXTILE-SCHEDULE-0242,MAQ120,Sublimation,Sublimation TM1,2026-01-08T05:10:00+00:00,2026-01-08T05:15:00+00:00,PRINTED RIBBON
TEXTILE-SCHEDULE-0243,MAQ120,Anti-Shrinkage,Anti-Shrinkage TM1,2026-01-08T05:30:00+00:00,2026-01-08T05:35:00+00:00,BRAIDED ELASTIC
TEXTILE-SCHEDULE-0244,MAQ120,Sublimation,Sublimation TM1,2026-01-08T06:10:00+00:00,2026-01-08T06:15:00+00:00,PRINTED RIBBON
TEXTILE-SCHEDULE-0245,MAQ120,Ironing,Ironing TM1,2026-01-08T06:30:00+00:00,2026-01-08T07:15:00+00:00,ESTORE RIBBON
TEXTILE-SCHEDULE-0246,MAQ120,Anti-Shrinkage,Anti-Shrinkage TM1,2026-01-08T07:15:00+00:00,2026-01-08T07:20:00+00:00,PRINTED RIBBON
TEXTILE-SCHEDULE-0247,MAQ120,Anti-Shrinkage,Anti-Shrinkage TM1,2026-01-08T07:55:00+00:00,2026-01-08T08:00:00+00:00,BRAIDED ELASTIC
TEXTILE-SCHEDULE-0248,MAQ120,Ironing,Ironing TM1,2026-01-08T08:45:00+00:00,2026-01-08T09:30:00+00:00,WOVEN LABEL OURELA FABRIC
TEXTILE-SCHEDULE-0249,MAQ120,Anti-Shrinkage,Anti-Shrinkage TM1,2026-01-08T09:35:00+00:00,2026-01-08T09:40:00+00:00,PRINTED RIBBON
TEXTILE-SCHEDULE-0250,MAQ120,Sublimation,Sublimation TM1,2026-01-08T10:40:00+00:00,2026-01-08T10:45:00+00:00,PRINTED RIBBON
TEXTILE-SCHEDULE-0251,MAQ120,Ironing,Ironing TM1,2026-01-08T11:25:00+00:00,2026-01-08T12:10:00+00:00,GORGORÃO RIBBON
TEXTILE-SCHEDULE-0252,MAQ120,Anti-Shrinkage,Anti-Shrinkage TM1,2026-01-08T12:20:00+00:00,2026-01-08T12:25:00+00:00,STRAP W/ STRIPES
TEXTILE-SCHEDULE-0253,MAQ120,Sublimation,Sublimation TM1,2026-01-08T13:00:00+00:00,2026-01-08T13:05:00+00:00,PRINTED RIBBON PES
TEXTILE-SCHEDULE-0254,MAQ120,Sublimation,Sublimation TM1,2026-01-08T13:35:00+00:00,2026-01-08T13:40:00+00:00,PRINTED RIBBON
TEXTILE-SCHEDULE-0255,MAQ120,Ironing,Ironing TM1,2026-01-08T14:15:00+00:00,2026-01-08T15:00:00+00:00,GORGORÃO RIBBON
TEXTILE-SCHEDULE-0256,MAQ120,Sublimation,Sublimation TM1,2026-01-08T15:30:00+00:00,2026-01-08T15:35:00+00:00,PRINTED RIBBON
TEXTILE-SCHEDULE-0257,MAQ120,Ironing,Ironing TM1,2026-01-08T16:00:00+00:00,2026-01-08T16:45:00+00:00,WOVEN LABEL OURELA FABRIC
TEXTILE-SCHEDULE-0258,MAQ120,Anti-Shrinkage,Anti-Shrinkage TM1,2026-01-08T17:00:00+00:00,2026-01-08T17:05:00+00:00,PRINTED RIBBON
TEXTILE-SCHEDULE-0259,MAQ120,Anti-Shrinkage,Anti-Shrinkage TM1,2026-01-08T17:50:00+00:00,2026-01-08T17:55:00+00:00,STRAP W/ STRIPES
TEXTILE-SCHEDULE-0260,MAQ120,Sublimation,Sublimation TM1,2026-01-08T18:55:00+00:00,2026-01-08T19:00:00+00:00,PRINTED RIBBON
TEXTILE-SCHEDULE-0261,MAQ120,Sublimation,Sublimation TM1,2026-01-08T19:15:00+00:00,2026-01-08T19:20:00+00:00,PRINTED RIBBON
TEXTILE-SCHEDULE-0262,MAQ120,Anti-Shrinkage,Anti-Shrinkage TM1,2026-01-08T19:35:00+00:00,2026-01-08T19:40:00+00:00,BRAIDED ELASTIC
TEXTILE-SCHEDULE-0263,MAQ120,Sublimation,Sublimation TM1,2026-01-08T20:20:00+00:00,2026-01-08T20:25:00+00:00,
TEXTILE-SCHEDULE-0264,MAQ120,Anti-Shrinkage,Anti-Shrinkage TM1,2026-01-08T21:10:00+00:00,2026-01-08T21:15:00+00:00,BRAIDED ELASTIC
TEXTILE-SCHEDULE-0265,MAQ120,Sublimation,Sublimation TM1,2026-01-08T21:50:00+00:00,2026-01-08T21:55:00+00:00,PRINTED RIBBON
TEXTILE-SCHEDULE-0266,MAQ120,Sublimation,Sublimation TM1,2026-01-08T22:10:00+00:00,2026-01-08T22:15:00+00:00,PRINTED RIBBON
TEXTILE-SCHEDULE-0267,MAQ120,Anti-Shrinkage,Anti-Shrinkage TM1,2026-01-08T22:50:00+00:00,2026-01-08T22:55:00+00:00,BRAIDED ELASTIC
TEXTILE-SCHEDULE-0268,MAQ120,Anti-Shrinkage,Anti-Shrinkage TM1,2026-01-08T23:25:00+00:00,2026-01-08T23:30:00+00:00,STRAP W/ STRIPES
TEXTILE-SCHEDULE-0269,MAQ120,Sublimation,Sublimation TM1,2026-01-09T00:05:00+00:00,2026-01-09T00:10:00+00:00,PRINTED RIBBON PES
TEXTILE-SCHEDULE-0270,MAQ120,Sublimation,Sublimation TM1,2026-01-09T00:30:00+00:00,2026-01-09T00:35:00+00:00,PRINTED RIBBON PES
TEXTILE-SCHEDULE-0271,MAQ120,Anti-Shrinkage,Anti-Shrinkage TM1,2026-01-09T00:50:00+00:00,2026-01-09T00:55:00+00:00,PRINTED RIBBON
TEXTILE-SCHEDULE-0272,MAQ120,Anti-Shrinkage,Anti-Shrinkage TM1,2026-01-09T01:25:00+00:00,2026-01-09T01:30:00+00:00,BRAIDED ELASTIC
TEXTILE-SCHEDULE-0273,MAQ120,Anti-Shrinkage,Anti-Shrinkage TM1,2026-01-09T02:00:00+00:00,2026-01-09T02:05:00+00:00,STRAP W/ STRIPES
TEXTILE-SCHEDULE-0274,MAQ120,Anti-Shrinkage,Anti-Shrinkage TM1,2026-01-09T02:35:00+00:00,2026-01-09T02:40:00+00:00,PRINTED RIBBON
TEXTILE-SCHEDULE-0275,MAQ120,Anti-Shrinkage,Anti-Shrinkage TM1,2026-01-09T03:10:00+00:00,2026-01-09T03:15:00+00:00,PRINTED RIBBON
